Workbook
Name _Toc59337654_3: #REF!
Name _Toc59337654_3: #REF!
Name _Toc59337654_3: #REF!
Name _Toc59337654_3: #REF!
Name _Toc59337654_3: #REF!
Name _Toc59337654_3: #REF!
Name _Toc59337655_3: #REF!
Name _Toc59337655_3: #REF!
Name _Toc59337655_3: #REF!
Name _Toc59337655_3: #REF!
Name _Toc59337655_3: #REF!
Name _Toc59337655_3: #REF!
Name _Toc59337688_42: #REF!
Name _Toc59337688_42: #REF!
Name _Toc59337688_42: #REF!
Name _Toc59337688_42: #REF!
Name _Toc59337694_46: [2]Дефекты!#REF!
Name _Toc59337694_46: [2]Дефекты!#REF!
Name _Toc59337694_46: [2]Дефекты!#REF!
Name _Toc59337694_46: [2]Дефекты!#REF!
Name _Toc59337694_46: [2]Дефекты!#REF!
Name _Toc59337694_46: [2]Дефекты!#REF!
Name _Toc59337694_47: #REF!
Name _Toc59337694_47: #REF!
Name _Toc59337694_47: #REF!
Name _Toc59337694_47: #REF!
Name _Toc59337694_47: #REF!
Name _Toc59337694_47: #REF!
Name _Toc59337695_48: #REF!
Name _Toc59337695_48: #REF!
Name _Toc59337695_48: #REF!
Name _Toc59337695_48: #REF!
Name _Toc59337695_48: #REF!
Name _Toc59337695_48: #REF!
Name _Toc59337701_35: #REF!
Name _Toc59337701_35: #REF!
Name _Toc59337701_35: #REF!
Name _Toc59337701_35: #REF!
Name _Toc59337701_35: #REF!
Name _Toc59337701_35: #REF!
Name _Toc59337704_38: #REF!
Name _Toc59337704_38: #REF!
Name _Toc59337704_38: #REF!
Name _Toc59337704_38: #REF!
Name _Toc59337705_39: #REF!
Name _Toc59337705_39: #REF!
Name _Toc59337705_39: #REF!
Name _Toc59337705_39: #REF!
Name Database: #REF!
Name Database: #REF!
Name Database: #REF!
Name Database: #REF!
Name Database: #REF!
Name Database: #REF!
Name Excel_BuiltIn_Database: #REF!
Name Excel_BuiltIn_Database: #REF!
Name Excel_BuiltIn_Database: #REF!
Name Excel_BuiltIn_Database: #REF!
Name Excel_BuiltIn_Database: #REF!
Name Excel_BuiltIn_Database: #REF!

Sheet Ввод данных
A1: Наименование объекта | B1: Водовод высокого давления «Т. вр. (скв. 194) – скв.194»
A2: Инвентарный номер объекта | B2: 124000045136
A3: Диаметр, толщина стенки, мм | B3: 89х8,0
A4: Длина, м | B4: 20
A5: Тип изоляции | B5: Лента ПВХ
B6: ПК00+00 – ПК00+20
A8: Ответственный исполнитель | B8: Н. А. Тажитдинов
A10: Исполнитель | B10: А. Р. Салимов
A11: уд. | B11: уд. № 0069-0963 до 30.04.2028
C26: 8

Sheet 1 шаблон
A2: № | B2: Пикет | C2: Ду, мм | D2: Sном,
D3: мм | G3: из отчета (приложение 12) вставляем только эти строки, они автоматически перенесутся на лист толщинометрия
A4: 1 | B4: 2 | C4: 3 | D4: 4
A5: Секция 30 | B5: 00+20 | C5: 65 | D5: 16 | G5: выполнять начинаем с прил 13 (твердометрия), т.к. данные по стали переносятся в прил 12 и от этого зависит отбраковочная толщина
A6: ЗМС
A53: Секция 10 | B53: 00+10 | C53: 89 | D53: 8
A54: Шурф № 1
A56: Секция 20 | B56: 00+20 | C56: 89 | D56: 8
A57: труба

Sheet 2 Приложение 13
A1: Для ОК, ЗКЛ, ЗДШ | K1: Выбираем марку стали (если в разных элементах она разная учитываем это). В зависимости от стали, выбираем граничные значения твердости в ячейке т.1, растягиваем на поле нужного размера. Далее копируем только ЗНАЧЕНИЯ на след. Вкладку | O1: Сталь 20
A2: № секции | B2: наим секции | C2: Пикет | D2: Диаметр, мм | E2: Марка стали | F2: Результаты измерений: НВ | O2: 137 | P2: 153
D3: мм | E3: стали | F3: т.1 | G3: т.2 | H3: т.3 | I3: т.4
A4: 1 | B4: 1 | C4: 2 | D4: 3 | E4: 4 | F4: 5 | G4: 6 | H4: 7 | I4: 8 | O4: Сталь 10
A5: ='1 шаблон'!A5 -> Секция 30 | B5: ='1 шаблон'!A6 -> ЗМС | C5: ='1 шаблон'!B5 -> 00+20 | D5: ='1 шаблон'!C5 -> 65 | E5: =O1 -> Сталь 20 | F5: =IF($E5=$O$1,RANDBETWEEN($O$2,$P$2),IF($E5=$O$4,RANDBETWEEN($O$5,$P$5),IF($E5=$O$7,RANDBETWEEN($O$8,$P$8),IF($E5=$O$10,RANDBETWEEN($O$11,$P$11),IF($E5=$O$13,RANDBETWEEN($O$14,$P$14),IF($E5=$O$16,RANDBETWEEN($O$17,$P$17),IF($E5=$O$19,RANDBETWEEN($O$20,$P$20),IF($E5=$O$22,RANDBETWEEN($O$23,$P$23),IF($E5=$O$25,RANDBETWEEN($O$26,$P$26),IF($E5=$O$28,RANDBETWEEN($O$29,$P$29),"0")))))))))) -> 141 | G5: =IF($E5=$O$1,RANDBETWEEN($O$2,$P$2),IF($E5=$O$4,RANDBETWEEN($O$5,$P$5),IF($E5=$O$7,RANDBETWEEN($O$8,$P$8),IF($E5=$O$10,RANDBETWEEN($O$11,$P$11),IF($E5=$O$13,RANDBETWEEN($O$14,$P$14),IF($E5=$O$16,RANDBETWEEN($O$17,$P$17),IF($E5=$O$19,RANDBETWEEN($O$20,$P$20),IF($E5=$O$22,RANDBETWEEN($O$23,$P$23),IF($E5=$O$25,RANDBETWEEN($O$26,$P$26),IF($E5=$O$28,RANDBETWEEN($O$29,$P$29),"0")))))))))) -> 149 | H5: =IF($E5=$O$1,RANDBETWEEN($O$2,$P$2),IF($E5=$O$4,RANDBETWEEN($O$5,$P$5),IF($E5=$O$7,RANDBETWEEN($O$8,$P$8),IF($E5=$O$10,RANDBETWEEN($O$11,$P$11),IF($E5=$O$13,RANDBETWEEN($O$14,$P$14),IF($E5=$O$16,RANDBETWEEN($O$17,$P$17),IF($E5=$O$19,RANDBETWEEN($O$20,$P$20),IF($E5=$O$22,RANDBETWEEN($O$23,$P$23),IF($E5=$O$25,RANDBETWEEN($O$26,$P$26),IF($E5=$O$28,RANDBETWEEN($O$29,$P$29),"0")))))))))) -> 149 | I5: =IF($E5=$O$1,RANDBETWEEN($O$2,$P$2),IF($E5=$O$4,RANDBETWEEN($O$5,$P$5),IF($E5=$O$7,RANDBETWEEN($O$8,$P$8),IF($E5=$O$10,RANDBETWEEN($O$11,$P$11),IF($E5=$O$13,RANDBETWEEN($O$14,$P$14),IF($E5=$O$16,RANDBETWEEN($O$17,$P$17),IF($E5=$O$19,RANDBETWEEN($O$20,$P$20),IF($E5=$O$22,RANDBETWEEN($O$23,$P$23),IF($E5=$O$25,RANDBETWEEN($O$26,$P$26),IF($E5=$O$28,RANDBETWEEN($O$29,$P$29),"0")))))))))) -> 151 | O5: 125 | P5: 143
A6: ='1 шаблон'!A7 -> 0 | B6: ='1 шаблон'!A8 -> 0 | C6: ='1 шаблон'!B7 -> 0 | D6: ='1 шаблон'!C7 -> 0 | E6: =O1 -> Сталь 20 | F6: =IF($E6=$O$1,RANDBETWEEN($O$2,$P$2),IF($E6=$O$4,RANDBETWEEN($O$5,$P$5),IF($E6=$O$7,RANDBETWEEN($O$8,$P$8),IF($E6=$O$10,RANDBETWEEN($O$11,$P$11),IF($E6=$O$13,RANDBETWEEN($O$14,$P$14),IF($E6=$O$16,RANDBETWEEN($O$17,$P$17),IF($E6=$O$19,RANDBETWEEN($O$20,$P$20),IF($E6=$O$22,RANDBETWEEN($O$23,$P$23),IF($E6=$O$25,RANDBETWEEN($O$26,$P$26),IF($E6=$O$28,RANDBETWEEN($O$29,$P$29),"0")))))))))) -> 153 | G6: =IF($E6=$O$1,RANDBETWEEN($O$2,$P$2),IF($E6=$O$4,RANDBETWEEN($O$5,$P$5),IF($E6=$O$7,RANDBETWEEN($O$8,$P$8),IF($E6=$O$10,RANDBETWEEN($O$11,$P$11),IF($E6=$O$13,RANDBETWEEN($O$14,$P$14),IF($E6=$O$16,RANDBETWEEN($O$17,$P$17),IF($E6=$O$19,RANDBETWEEN($O$20,$P$20),IF($E6=$O$22,RANDBETWEEN($O$23,$P$23),IF($E6=$O$25,RANDBETWEEN($O$26,$P$26),IF($E6=$O$28,RANDBETWEEN($O$29,$P$29),"0")))))))))) -> 147 | H6: =IF($E6=$O$1,RANDBETWEEN($O$2,$P$2),IF($E6=$O$4,RANDBETWEEN($O$5,$P$5),IF($E6=$O$7,RANDBETWEEN($O$8,$P$8),IF($E6=$O$10,RANDBETWEEN($O$11,$P$11),IF($E6=$O$13,RANDBETWEEN($O$14,$P$14),IF($E6=$O$16,RANDBETWEEN($O$17,$P$17),IF($E6=$O$19,RANDBETWEEN($O$20,$P$20),IF($E6=$O$22,RANDBETWEEN($O$23,$P$23),IF($E6=$O$25,RANDBETWEEN($O$26,$P$26),IF($E6=$O$28,RANDBETWEEN($O$29,$P$29),"0")))))))))) -> 145 | I6: =IF($E6=$O$1,RANDBETWEEN($O$2,$P$2),IF($E6=$O$4,RANDBETWEEN($O$5,$P$5),IF($E6=$O$7,RANDBETWEEN($O$8,$P$8),IF($E6=$O$10,RANDBETWEEN($O$11,$P$11),IF($E6=$O$13,RANDBETWEEN($O$14,$P$14),IF($E6=$O$16,RANDBETWEEN($O$17,$P$17),IF($E6=$O$19,RANDBETWEEN($O$20,$P$20),IF($E6=$O$22,RANDBETWEEN($O$23,$P$23),IF($E6=$O$25,RANDBETWEEN($O$26,$P$26),IF($E6=$O$28,RANDBETWEEN($O$29,$P$29),"0")))))))))) -> 146
A7: ='1 шаблон'!A9 -> 0 | B7: ='1 шаблон'!A10 -> 0 | C7: ='1 шаблон'!B9 -> 0 | D7: ='1 шаблон'!C9 -> 0 | E7: =O13 -> Сталь 20Л | O7: Сталь 25Л
A8: ='1 шаблон'!A11 -> 0 | B8: ='1 шаблон'!A12 -> 0 | C8: ='1 шаблон'!B11 -> 0 | D8: ='1 шаблон'!C11 -> 0 | E8: =O13 -> Сталь 20Л | O8: 121 | P8: 151
A9: ='1 шаблон'!A13 -> 0 | B9: ='1 шаблон'!A14 -> 0 | C9: ='1 шаблон'!B13 -> 0 | D9: ='1 шаблон'!C13 -> 0 | E9: =O13 -> Сталь 20Л
A10: ='1 шаблон'!A15 -> 0 | B10: ='1 шаблон'!A16 -> 0 | C10: ='1 шаблон'!B15 -> 0 | D10: ='1 шаблон'!C15 -> 0 | E10: =O1 -> Сталь 20 | O10: Сталь 20Л | Q10: (если Д<100)
A11: ='1 шаблон'!A17 -> 0 | B11: ='1 шаблон'!A18 -> 0 | C11: ='1 шаблон'!B17 -> 0 | D11: ='1 шаблон'!C17 -> 0 | E11: =O1 -> Сталь 20 | O11: 116 | P11: 144
A12: ='1 шаблон'!A19 -> 0 | B12: ='1 шаблон'!A20 -> 0 | C12: ='1 шаблон'!B19 -> 0 | D12: ='1 шаблон'!C19 -> 0 | E12: =O1 -> Сталь 20
A13: ='1 шаблон'!A21 -> 0 | B13: ='1 шаблон'!A22 -> 0 | C13: ='1 шаблон'!B21 -> 0 | D13: ='1 шаблон'!C21 -> 0 | E13: =O1 -> Сталь 20 | O13: Сталь 20Л | Q13: (если Д>100)
A14: ='1 шаблон'!A23 -> 0 | B14: ='1 шаблон'!A24 -> 0 | C14: ='1 шаблон'!B23 -> 0 | D14: ='1 шаблон'!C23 -> 0 | E14: =O1 -> Сталь 20 | O14: 111 | P14: 156
A15: ='1 шаблон'!A25 -> 0 | B15: ='1 шаблон'!A26 -> 0 | C15: ='1 шаблон'!B25 -> 0 | D15: ='1 шаблон'!C25 -> 0 | E15: =O1 -> Сталь 20
A16: ='1 шаблон'!A27 -> 0 | B16: ='1 шаблон'!A28 -> 0 | C16: ='1 шаблон'!B27 -> 0 | D16: ='1 шаблон'!C27 -> 0 | E16: =O1 -> Сталь 20 | O16: Сталь 3сп
A17: ='1 шаблон'!A29 -> 0 | B17: ='1 шаблон'!A30 -> 0 | C17: ='1 шаблон'!B29 -> 0 | D17: ='1 шаблон'!C29 -> 0 | E17: =O13 -> Сталь 20Л | O17: 111 | P17: 156
A18: ='1 шаблон'!A31 -> 0 | B18: ='1 шаблон'!A32 -> 0 | C18: ='1 шаблон'!B31 -> 0 | D18: ='1 шаблон'!C31 -> 0 | E18: =O13 -> Сталь 20Л
A19: ='1 шаблон'!A33 -> 0 | B19: ='1 шаблон'!A34 -> 0 | C19: ='1 шаблон'!B33 -> 0 | D19: ='1 шаблон'!C33 -> 0 | E19: =O13 -> Сталь 20Л | O19: Сталь 09Г2С
A20: ='1 шаблон'!A35 -> 0 | B20: ='1 шаблон'!A36 -> 0 | C20: ='1 шаблон'!B35 -> 0 | D20: ='1 шаблон'!C35 -> 0 | E20: =O13 -> Сталь 20Л | O20: 135 | P20: 152
A21: ='1 шаблон'!A37 -> 0 | B21: ='1 шаблон'!A38 -> 0 | C21: ='1 шаблон'!B37 -> 0 | D21: ='1 шаблон'!C37 -> 0 | E21: =O13 -> Сталь 20Л
A22: ='1 шаблон'!A39 -> 0 | B22: ='1 шаблон'!A40 -> 0 | C22: ='1 шаблон'!B39 -> 0 | D22: ='1 шаблон'!C39 -> 0 | E22: =$O$1 -> Сталь 20 | O22: Сталь 15
A23: ='1 шаблон'!A41 -> 0 | B23: ='1 шаблон'!A42 -> 0 | C23: ='1 шаблон'!B41 -> 0 | D23: ='1 шаблон'!C41 -> 0 | E23: =$O$1 -> Сталь 20 | O23: 137 | P23: 148
A24: ='1 шаблон'!A43 -> 0 | B24: ='1 шаблон'!A44 -> 0 | C24: ='1 шаблон'!B43 -> 0 | D24: ='1 шаблон'!C43 -> 0 | E24: =$O$1 -> Сталь 20
A25: ='1 шаблон'!A45 -> 0 | B25: ='1 шаблон'!A46 -> 0 | C25: ='1 шаблон'!B45 -> 0 | D25: ='1 шаблон'!C45 -> 0 | E25: =$O$1 -> Сталь 20 | O25: Сталь 25
O26: 162 | P26: 170
O28: Сталь 30ХМ
O29: 200 | P29: 250
A30: Трубопровод
A31: № секции | B31: Наим. секции | C31: Пикет | D31: Диаметр, мм | E31: Марка стали | F31: Результаты измерений: НВ
D32: мм | E32: стали | F32: т.1 | G32: т.2 | H32: т.3 | I32: т.4 | J32: т.5 | K32: т.6
A33: 1 | B33: 1 | C33: 2 | D33: 3 | E33: 4 | F33: 5 | G33: 6 | H33: 7 | I33: 8 | J33: 9 | K33: 10
A34: ='1 шаблон'!A53 -> Секция 10 | B34: ='1 шаблон'!A54 -> Шурф № 1 | C34: ='1 шаблон'!B53 -> 00+10 | D34: ='1 шаблон'!C53 -> 89 | E34: =$O$1 -> Сталь 20 | F34: =IF($E34=$O$1,RANDBETWEEN($O$2,$P$2),IF($E34=$O$4,RANDBETWEEN($O$5,$P$5),IF($E34=$O$7,RANDBETWEEN($O$8,$P$8),IF($E34=$O$10,RANDBETWEEN($O$11,$P$11),IF($E34=$O$13,RANDBETWEEN($O$14,$P$14),IF($E34=$O$16,RANDBETWEEN($O$17,$P$17),IF($E34=$O$19,RANDBETWEEN($O$20,$P$20),IF($E34=$O$22,RANDBETWEEN($O$23,$P$23),IF($E34=$O$25,RANDBETWEEN($O$26,$P$26),IF($E34=$O$28,RANDBETWEEN($O$29,$P$29),"0")))))))))) -> 139 | G34: =IF($E34=$O$1,RANDBETWEEN($O$2,$P$2),IF($E34=$O$4,RANDBETWEEN($O$5,$P$5),IF($E34=$O$7,RANDBETWEEN($O$8,$P$8),IF($E34=$O$10,RANDBETWEEN($O$11,$P$11),IF($E34=$O$13,RANDBETWEEN($O$14,$P$14),IF($E34=$O$16,RANDBETWEEN($O$17,$P$17),IF($E34=$O$19,RANDBETWEEN($O$20,$P$20),IF($E34=$O$22,RANDBETWEEN($O$23,$P$23),IF($E34=$O$25,RANDBETWEEN($O$26,$P$26),IF($E34=$O$28,RANDBETWEEN($O$29,$P$29),"0")))))))))) -> 151 | H34: =IF($E34=$O$1,RANDBETWEEN($O$2,$P$2),IF($E34=$O$4,RANDBETWEEN($O$5,$P$5),IF($E34=$O$7,RANDBETWEEN($O$8,$P$8),IF($E34=$O$10,RANDBETWEEN($O$11,$P$11),IF($E34=$O$13,RANDBETWEEN($O$14,$P$14),IF($E34=$O$16,RANDBETWEEN($O$17,$P$17),IF($E34=$O$19,RANDBETWEEN($O$20,$P$20),IF($E34=$O$22,RANDBETWEEN($O$23,$P$23),IF($E34=$O$25,RANDBETWEEN($O$26,$P$26),IF($E34=$O$28,RANDBETWEEN($O$29,$P$29),"0")))))))))) -> 152 | I34: =IF($E34=$O$1,RANDBETWEEN($O$2,$P$2),IF($E34=$O$4,RANDBETWEEN($O$5,$P$5),IF($E34=$O$7,RANDBETWEEN($O$8,$P$8),IF($E34=$O$10,RANDBETWEEN($O$11,$P$11),IF($E34=$O$13,RANDBETWEEN($O$14,$P$14),IF($E34=$O$16,RANDBETWEEN($O$17,$P$17),IF($E34=$O$19,RANDBETWEEN($O$20,$P$20),IF($E34=$O$22,RANDBETWEEN($O$23,$P$23),IF($E34=$O$25,RANDBETWEEN($O$26,$P$26),IF($E34=$O$28,RANDBETWEEN($O$29,$P$29),"0")))))))))) -> 145 | J34: =IF($E34=$O$1,RANDBETWEEN($O$2,$P$2),IF($E34=$O$4,RANDBETWEEN($O$5,$P$5),IF($E34=$O$7,RANDBETWEEN($O$8,$P$8),IF($E34=$O$10,RANDBETWEEN($O$11,$P$11),IF($E34=$O$13,RANDBETWEEN($O$14,$P$14),IF($E34=$O$16,RANDBETWEEN($O$17,$P$17),IF($E34=$O$19,RANDBETWEEN($O$20,$P$20),IF($E34=$O$22,RANDBETWEEN($O$23,$P$23),IF($E34=$O$25,RANDBETWEEN($O$26,$P$26),IF($E34=$O$28,RANDBETWEEN($O$29,$P$29),"0")))))))))) -> 148 | K34: =IF($E34=$O$1,RANDBETWEEN($O$2,$P$2),IF($E34=$O$4,RANDBETWEEN($O$5,$P$5),IF($E34=$O$7,RANDBETWEEN($O$8,$P$8),IF($E34=$O$10,RANDBETWEEN($O$11,$P$11),IF($E34=$O$13,RANDBETWEEN($O$14,$P$14),IF($E34=$O$16,RANDBETWEEN($O$17,$P$17),IF($E34=$O$19,RANDBETWEEN($O$20,$P$20),IF($E34=$O$22,RANDBETWEEN($O$23,$P$23),IF($E34=$O$25,RANDBETWEEN($O$26,$P$26),IF($E34=$O$28,RANDBETWEEN($O$29,$P$29),"0")))))))))) -> 142
A35: ='1 шаблон'!A56 -> Секция 20 | B35: ='1 шаблон'!A57 -> труба | C35: 02+00 | D35: ='1 шаблон'!C56 -> 89 | E35: =$O$1 -> Сталь 20 | F35: =IF($E35=$O$1,RANDBETWEEN($O$2,$P$2),IF($E35=$O$4,RANDBETWEEN($O$5,$P$5),IF($E35=$O$7,RANDBETWEEN($O$8,$P$8),IF($E35=$O$10,RANDBETWEEN($O$11,$P$11),IF($E35=$O$13,RANDBETWEEN($O$14,$P$14),IF($E35=$O$16,RANDBETWEEN($O$17,$P$17),IF($E35=$O$19,RANDBETWEEN($O$20,$P$20),IF($E35=$O$22,RANDBETWEEN($O$23,$P$23),IF($E35=$O$25,RANDBETWEEN($O$26,$P$26),IF($E35=$O$28,RANDBETWEEN($O$29,$P$29),"0")))))))))) -> 139 | G35: =IF($E35=$O$1,RANDBETWEEN($O$2,$P$2),IF($E35=$O$4,RANDBETWEEN($O$5,$P$5),IF($E35=$O$7,RANDBETWEEN($O$8,$P$8),IF($E35=$O$10,RANDBETWEEN($O$11,$P$11),IF($E35=$O$13,RANDBETWEEN($O$14,$P$14),IF($E35=$O$16,RANDBETWEEN($O$17,$P$17),IF($E35=$O$19,RANDBETWEEN($O$20,$P$20),IF($E35=$O$22,RANDBETWEEN($O$23,$P$23),IF($E35=$O$25,RANDBETWEEN($O$26,$P$26),IF($E35=$O$28,RANDBETWEEN($O$29,$P$29),"0")))))))))) -> 151 | H35: =IF($E35=$O$1,RANDBETWEEN($O$2,$P$2),IF($E35=$O$4,RANDBETWEEN($O$5,$P$5),IF($E35=$O$7,RANDBETWEEN($O$8,$P$8),IF($E35=$O$10,RANDBETWEEN($O$11,$P$11),IF($E35=$O$13,RANDBETWEEN($O$14,$P$14),IF($E35=$O$16,RANDBETWEEN($O$17,$P$17),IF($E35=$O$19,RANDBETWEEN($O$20,$P$20),IF($E35=$O$22,RANDBETWEEN($O$23,$P$23),IF($E35=$O$25,RANDBETWEEN($O$26,$P$26),IF($E35=$O$28,RANDBETWEEN($O$29,$P$29),"0")))))))))) -> 152 | I35: =IF($E35=$O$1,RANDBETWEEN($O$2,$P$2),IF($E35=$O$4,RANDBETWEEN($O$5,$P$5),IF($E35=$O$7,RANDBETWEEN($O$8,$P$8),IF($E35=$O$10,RANDBETWEEN($O$11,$P$11),IF($E35=$O$13,RANDBETWEEN($O$14,$P$14),IF($E35=$O$16,RANDBETWEEN($O$17,$P$17),IF($E35=$O$19,RANDBETWEEN($O$20,$P$20),IF($E35=$O$22,RANDBETWEEN($O$23,$P$23),IF($E35=$O$25,RANDBETWEEN($O$26,$P$26),IF($E35=$O$28,RANDBETWEEN($O$29,$P$29),"0")))))))))) -> 149 | J35: =IF($E35=$O$1,RANDBETWEEN($O$2,$P$2),IF($E35=$O$4,RANDBETWEEN($O$5,$P$5),IF($E35=$O$7,RANDBETWEEN($O$8,$P$8),IF($E35=$O$10,RANDBETWEEN($O$11,$P$11),IF($E35=$O$13,RANDBETWEEN($O$14,$P$14),IF($E35=$O$16,RANDBETWEEN($O$17,$P$17),IF($E35=$O$19,RANDBETWEEN($O$20,$P$20),IF($E35=$O$22,RANDBETWEEN($O$23,$P$23),IF($E35=$O$25,RANDBETWEEN($O$26,$P$26),IF($E35=$O$28,RANDBETWEEN($O$29,$P$29),"0")))))))))) -> 138 | K35: =IF($E35=$O$1,RANDBETWEEN($O$2,$P$2),IF($E35=$O$4,RANDBETWEEN($O$5,$P$5),IF($E35=$O$7,RANDBETWEEN($O$8,$P$8),IF($E35=$O$10,RANDBETWEEN($O$11,$P$11),IF($E35=$O$13,RANDBETWEEN($O$14,$P$14),IF($E35=$O$16,RANDBETWEEN($O$17,$P$17),IF($E35=$O$19,RANDBETWEEN($O$20,$P$20),IF($E35=$O$22,RANDBETWEEN($O$23,$P$23),IF($E35=$O$25,RANDBETWEEN($O$26,$P$26),IF($E35=$O$28,RANDBETWEEN($O$29,$P$29),"0")))))))))) -> 144
A36: ='1 шаблон'!A59 -> 0 | B36: ='1 шаблон'!A60 -> 0 | C36: 03+50 | D36: ='1 шаблон'!C59 -> 0 | E36: =$O$1 -> Сталь 20 | F36: =IF($E36=$O$1,RANDBETWEEN($O$2,$P$2),IF($E36=$O$4,RANDBETWEEN($O$5,$P$5),IF($E36=$O$7,RANDBETWEEN($O$8,$P$8),IF($E36=$O$10,RANDBETWEEN($O$11,$P$11),IF($E36=$O$13,RANDBETWEEN($O$14,$P$14),IF($E36=$O$16,RANDBETWEEN($O$17,$P$17),IF($E36=$O$19,RANDBETWEEN($O$20,$P$20),IF($E36=$O$22,RANDBETWEEN($O$23,$P$23),IF($E36=$O$25,RANDBETWEEN($O$26,$P$26),IF($E36=$O$28,RANDBETWEEN($O$29,$P$29),"0")))))))))) -> 141 | G36: =IF($E36=$O$1,RANDBETWEEN($O$2,$P$2),IF($E36=$O$4,RANDBETWEEN($O$5,$P$5),IF($E36=$O$7,RANDBETWEEN($O$8,$P$8),IF($E36=$O$10,RANDBETWEEN($O$11,$P$11),IF($E36=$O$13,RANDBETWEEN($O$14,$P$14),IF($E36=$O$16,RANDBETWEEN($O$17,$P$17),IF($E36=$O$19,RANDBETWEEN($O$20,$P$20),IF($E36=$O$22,RANDBETWEEN($O$23,$P$23),IF($E36=$O$25,RANDBETWEEN($O$26,$P$26),IF($E36=$O$28,RANDBETWEEN($O$29,$P$29),"0")))))))))) -> 152 | H36: =IF($E36=$O$1,RANDBETWEEN($O$2,$P$2),IF($E36=$O$4,RANDBETWEEN($O$5,$P$5),IF($E36=$O$7,RANDBETWEEN($O$8,$P$8),IF($E36=$O$10,RANDBETWEEN($O$11,$P$11),IF($E36=$O$13,RANDBETWEEN($O$14,$P$14),IF($E36=$O$16,RANDBETWEEN($O$17,$P$17),IF($E36=$O$19,RANDBETWEEN($O$20,$P$20),IF($E36=$O$22,RANDBETWEEN($O$23,$P$23),IF($E36=$O$25,RANDBETWEEN($O$26,$P$26),IF($E36=$O$28,RANDBETWEEN($O$29,$P$29),"0")))))))))) -> 148 | I36: =IF($E36=$O$1,RANDBETWEEN($O$2,$P$2),IF($E36=$O$4,RANDBETWEEN($O$5,$P$5),IF($E36=$O$7,RANDBETWEEN($O$8,$P$8),IF($E36=$O$10,RANDBETWEEN($O$11,$P$11),IF($E36=$O$13,RANDBETWEEN($O$14,$P$14),IF($E36=$O$16,RANDBETWEEN($O$17,$P$17),IF($E36=$O$19,RANDBETWEEN($O$20,$P$20),IF($E36=$O$22,RANDBETWEEN($O$23,$P$23),IF($E36=$O$25,RANDBETWEEN($O$26,$P$26),IF($E36=$O$28,RANDBETWEEN($O$29,$P$29),"0")))))))))) -> 137 | J36: =IF($E36=$O$1,RANDBETWEEN($O$2,$P$2),IF($E36=$O$4,RANDBETWEEN($O$5,$P$5),IF($E36=$O$7,RANDBETWEEN($O$8,$P$8),IF($E36=$O$10,RANDBETWEEN($O$11,$P$11),IF($E36=$O$13,RANDBETWEEN($O$14,$P$14),IF($E36=$O$16,RANDBETWEEN($O$17,$P$17),IF($E36=$O$19,RANDBETWEEN($O$20,$P$20),IF($E36=$O$22,RANDBETWEEN($O$23,$P$23),IF($E36=$O$25,RANDBETWEEN($O$26,$P$26),IF($E36=$O$28,RANDBETWEEN($O$29,$P$29),"0")))))))))) -> 137 | K36: =IF($E36=$O$1,RANDBETWEEN($O$2,$P$2),IF($E36=$O$4,RANDBETWEEN($O$5,$P$5),IF($E36=$O$7,RANDBETWEEN($O$8,$P$8),IF($E36=$O$10,RANDBETWEEN($O$11,$P$11),IF($E36=$O$13,RANDBETWEEN($O$14,$P$14),IF($E36=$O$16,RANDBETWEEN($O$17,$P$17),IF($E36=$O$19,RANDBETWEEN($O$20,$P$20),IF($E36=$O$22,RANDBETWEEN($O$23,$P$23),IF($E36=$O$25,RANDBETWEEN($O$26,$P$26),IF($E36=$O$28,RANDBETWEEN($O$29,$P$29),"0")))))))))) -> 138
A37: ='1 шаблон'!A62 -> 0 | B37: ='1 шаблон'!A63 -> 0 | C37: 03+50 | D37: ='1 шаблон'!C62 -> 0 | E37: =$O$1 -> Сталь 20 | F37: =IF($E37=$O$1,RANDBETWEEN($O$2,$P$2),IF($E37=$O$4,RANDBETWEEN($O$5,$P$5),IF($E37=$O$7,RANDBETWEEN($O$8,$P$8),IF($E37=$O$10,RANDBETWEEN($O$11,$P$11),IF($E37=$O$13,RANDBETWEEN($O$14,$P$14),IF($E37=$O$16,RANDBETWEEN($O$17,$P$17),IF($E37=$O$19,RANDBETWEEN($O$20,$P$20),IF($E37=$O$22,RANDBETWEEN($O$23,$P$23),IF($E37=$O$25,RANDBETWEEN($O$26,$P$26),IF($E37=$O$28,RANDBETWEEN($O$29,$P$29),"0")))))))))) -> 148 | G37: =IF($E37=$O$1,RANDBETWEEN($O$2,$P$2),IF($E37=$O$4,RANDBETWEEN($O$5,$P$5),IF($E37=$O$7,RANDBETWEEN($O$8,$P$8),IF($E37=$O$10,RANDBETWEEN($O$11,$P$11),IF($E37=$O$13,RANDBETWEEN($O$14,$P$14),IF($E37=$O$16,RANDBETWEEN($O$17,$P$17),IF($E37=$O$19,RANDBETWEEN($O$20,$P$20),IF($E37=$O$22,RANDBETWEEN($O$23,$P$23),IF($E37=$O$25,RANDBETWEEN($O$26,$P$26),IF($E37=$O$28,RANDBETWEEN($O$29,$P$29),"0")))))))))) -> 147 | H37: =IF($E37=$O$1,RANDBETWEEN($O$2,$P$2),IF($E37=$O$4,RANDBETWEEN($O$5,$P$5),IF($E37=$O$7,RANDBETWEEN($O$8,$P$8),IF($E37=$O$10,RANDBETWEEN($O$11,$P$11),IF($E37=$O$13,RANDBETWEEN($O$14,$P$14),IF($E37=$O$16,RANDBETWEEN($O$17,$P$17),IF($E37=$O$19,RANDBETWEEN($O$20,$P$20),IF($E37=$O$22,RANDBETWEEN($O$23,$P$23),IF($E37=$O$25,RANDBETWEEN($O$26,$P$26),IF($E37=$O$28,RANDBETWEEN($O$29,$P$29),"0")))))))))) -> 144 | I37: =IF($E37=$O$1,RANDBETWEEN($O$2,$P$2),IF($E37=$O$4,RANDBETWEEN($O$5,$P$5),IF($E37=$O$7,RANDBETWEEN($O$8,$P$8),IF($E37=$O$10,RANDBETWEEN($O$11,$P$11),IF($E37=$O$13,RANDBETWEEN($O$14,$P$14),IF($E37=$O$16,RANDBETWEEN($O$17,$P$17),IF($E37=$O$19,RANDBETWEEN($O$20,$P$20),IF($E37=$O$22,RANDBETWEEN($O$23,$P$23),IF($E37=$O$25,RANDBETWEEN($O$26,$P$26),IF($E37=$O$28,RANDBETWEEN($O$29,$P$29),"0")))))))))) -> 146 | J37: =IF($E37=$O$1,RANDBETWEEN($O$2,$P$2),IF($E37=$O$4,RANDBETWEEN($O$5,$P$5),IF($E37=$O$7,RANDBETWEEN($O$8,$P$8),IF($E37=$O$10,RANDBETWEEN($O$11,$P$11),IF($E37=$O$13,RANDBETWEEN($O$14,$P$14),IF($E37=$O$16,RANDBETWEEN($O$17,$P$17),IF($E37=$O$19,RANDBETWEEN($O$20,$P$20),IF($E37=$O$22,RANDBETWEEN($O$23,$P$23),IF($E37=$O$25,RANDBETWEEN($O$26,$P$26),IF($E37=$O$28,RANDBETWEEN($O$29,$P$29),"0")))))))))) -> 149 | K37: =IF($E37=$O$1,RANDBETWEEN($O$2,$P$2),IF($E37=$O$4,RANDBETWEEN($O$5,$P$5),IF($E37=$O$7,RANDBETWEEN($O$8,$P$8),IF($E37=$O$10,RANDBETWEEN($O$11,$P$11),IF($E37=$O$13,RANDBETWEEN($O$14,$P$14),IF($E37=$O$16,RANDBETWEEN($O$17,$P$17),IF($E37=$O$19,RANDBETWEEN($O$20,$P$20),IF($E37=$O$22,RANDBETWEEN($O$23,$P$23),IF($E37=$O$25,RANDBETWEEN($O$26,$P$26),IF($E37=$O$28,RANDBETWEEN($O$29,$P$29),"0")))))))))) -> 141
A38: ='1 шаблон'!A65 -> 0 | B38: ='1 шаблон'!A66 -> 0 | C38: 03+50 | D38: ='1 шаблон'!C65 -> 0 | E38: =$O$1 -> Сталь 20 | F38: =IF($E38=$O$1,RANDBETWEEN($O$2,$P$2),IF($E38=$O$4,RANDBETWEEN($O$5,$P$5),IF($E38=$O$7,RANDBETWEEN($O$8,$P$8),IF($E38=$O$10,RANDBETWEEN($O$11,$P$11),IF($E38=$O$13,RANDBETWEEN($O$14,$P$14),IF($E38=$O$16,RANDBETWEEN($O$17,$P$17),IF($E38=$O$19,RANDBETWEEN($O$20,$P$20),IF($E38=$O$22,RANDBETWEEN($O$23,$P$23),IF($E38=$O$25,RANDBETWEEN($O$26,$P$26),IF($E38=$O$28,RANDBETWEEN($O$29,$P$29),"0")))))))))) -> 149 | G38: =IF($E38=$O$1,RANDBETWEEN($O$2,$P$2),IF($E38=$O$4,RANDBETWEEN($O$5,$P$5),IF($E38=$O$7,RANDBETWEEN($O$8,$P$8),IF($E38=$O$10,RANDBETWEEN($O$11,$P$11),IF($E38=$O$13,RANDBETWEEN($O$14,$P$14),IF($E38=$O$16,RANDBETWEEN($O$17,$P$17),IF($E38=$O$19,RANDBETWEEN($O$20,$P$20),IF($E38=$O$22,RANDBETWEEN($O$23,$P$23),IF($E38=$O$25,RANDBETWEEN($O$26,$P$26),IF($E38=$O$28,RANDBETWEEN($O$29,$P$29),"0")))))))))) -> 143 | H38: =IF($E38=$O$1,RANDBETWEEN($O$2,$P$2),IF($E38=$O$4,RANDBETWEEN($O$5,$P$5),IF($E38=$O$7,RANDBETWEEN($O$8,$P$8),IF($E38=$O$10,RANDBETWEEN($O$11,$P$11),IF($E38=$O$13,RANDBETWEEN($O$14,$P$14),IF($E38=$O$16,RANDBETWEEN($O$17,$P$17),IF($E38=$O$19,RANDBETWEEN($O$20,$P$20),IF($E38=$O$22,RANDBETWEEN($O$23,$P$23),IF($E38=$O$25,RANDBETWEEN($O$26,$P$26),IF($E38=$O$28,RANDBETWEEN($O$29,$P$29),"0")))))))))) -> 152 | I38: =IF($E38=$O$1,RANDBETWEEN($O$2,$P$2),IF($E38=$O$4,RANDBETWEEN($O$5,$P$5),IF($E38=$O$7,RANDBETWEEN($O$8,$P$8),IF($E38=$O$10,RANDBETWEEN($O$11,$P$11),IF($E38=$O$13,RANDBETWEEN($O$14,$P$14),IF($E38=$O$16,RANDBETWEEN($O$17,$P$17),IF($E38=$O$19,RANDBETWEEN($O$20,$P$20),IF($E38=$O$22,RANDBETWEEN($O$23,$P$23),IF($E38=$O$25,RANDBETWEEN($O$26,$P$26),IF($E38=$O$28,RANDBETWEEN($O$29,$P$29),"0")))))))))) -> 142 | J38: =IF($E38=$O$1,RANDBETWEEN($O$2,$P$2),IF($E38=$O$4,RANDBETWEEN($O$5,$P$5),IF($E38=$O$7,RANDBETWEEN($O$8,$P$8),IF($E38=$O$10,RANDBETWEEN($O$11,$P$11),IF($E38=$O$13,RANDBETWEEN($O$14,$P$14),IF($E38=$O$16,RANDBETWEEN($O$17,$P$17),IF($E38=$O$19,RANDBETWEEN($O$20,$P$20),IF($E38=$O$22,RANDBETWEEN($O$23,$P$23),IF($E38=$O$25,RANDBETWEEN($O$26,$P$26),IF($E38=$O$28,RANDBETWEEN($O$29,$P$29),"0")))))))))) -> 149 | K38: =IF($E38=$O$1,RANDBETWEEN($O$2,$P$2),IF($E38=$O$4,RANDBETWEEN($O$5,$P$5),IF($E38=$O$7,RANDBETWEEN($O$8,$P$8),IF($E38=$O$10,RANDBETWEEN($O$11,$P$11),IF($E38=$O$13,RANDBETWEEN($O$14,$P$14),IF($E38=$O$16,RANDBETWEEN($O$17,$P$17),IF($E38=$O$19,RANDBETWEEN($O$20,$P$20),IF($E38=$O$22,RANDBETWEEN($O$23,$P$23),IF($E38=$O$25,RANDBETWEEN($O$26,$P$26),IF($E38=$O$28,RANDBETWEEN($O$29,$P$29),"0")))))))))) -> 152
A39: ='1 шаблон'!A68 -> 0 | B39: ='1 шаблон'!A69 -> 0 | C39: 03+50 | D39: ='1 шаблон'!C68 -> 0 | E39: =$O$1 -> Сталь 20 | F39: =IF($E39=$O$1,RANDBETWEEN($O$2,$P$2),IF($E39=$O$4,RANDBETWEEN($O$5,$P$5),IF($E39=$O$7,RANDBETWEEN($O$8,$P$8),IF($E39=$O$10,RANDBETWEEN($O$11,$P$11),IF($E39=$O$13,RANDBETWEEN($O$14,$P$14),IF($E39=$O$16,RANDBETWEEN($O$17,$P$17),IF($E39=$O$19,RANDBETWEEN($O$20,$P$20),IF($E39=$O$22,RANDBETWEEN($O$23,$P$23),IF($E39=$O$25,RANDBETWEEN($O$26,$P$26),IF($E39=$O$28,RANDBETWEEN($O$29,$P$29),"0")))))))))) -> 137 | G39: =IF($E39=$O$1,RANDBETWEEN($O$2,$P$2),IF($E39=$O$4,RANDBETWEEN($O$5,$P$5),IF($E39=$O$7,RANDBETWEEN($O$8,$P$8),IF($E39=$O$10,RANDBETWEEN($O$11,$P$11),IF($E39=$O$13,RANDBETWEEN($O$14,$P$14),IF($E39=$O$16,RANDBETWEEN($O$17,$P$17),IF($E39=$O$19,RANDBETWEEN($O$20,$P$20),IF($E39=$O$22,RANDBETWEEN($O$23,$P$23),IF($E39=$O$25,RANDBETWEEN($O$26,$P$26),IF($E39=$O$28,RANDBETWEEN($O$29,$P$29),"0")))))))))) -> 138 | H39: =IF($E39=$O$1,RANDBETWEEN($O$2,$P$2),IF($E39=$O$4,RANDBETWEEN($O$5,$P$5),IF($E39=$O$7,RANDBETWEEN($O$8,$P$8),IF($E39=$O$10,RANDBETWEEN($O$11,$P$11),IF($E39=$O$13,RANDBETWEEN($O$14,$P$14),IF($E39=$O$16,RANDBETWEEN($O$17,$P$17),IF($E39=$O$19,RANDBETWEEN($O$20,$P$20),IF($E39=$O$22,RANDBETWEEN($O$23,$P$23),IF($E39=$O$25,RANDBETWEEN($O$26,$P$26),IF($E39=$O$28,RANDBETWEEN($O$29,$P$29),"0")))))))))) -> 149 | I39: =IF($E39=$O$1,RANDBETWEEN($O$2,$P$2),IF($E39=$O$4,RANDBETWEEN($O$5,$P$5),IF($E39=$O$7,RANDBETWEEN($O$8,$P$8),IF($E39=$O$10,RANDBETWEEN($O$11,$P$11),IF($E39=$O$13,RANDBETWEEN($O$14,$P$14),IF($E39=$O$16,RANDBETWEEN($O$17,$P$17),IF($E39=$O$19,RANDBETWEEN($O$20,$P$20),IF($E39=$O$22,RANDBETWEEN($O$23,$P$23),IF($E39=$O$25,RANDBETWEEN($O$26,$P$26),IF($E39=$O$28,RANDBETWEEN($O$29,$P$29),"0")))))))))) -> 151 | J39: =IF($E39=$O$1,RANDBETWEEN($O$2,$P$2),IF($E39=$O$4,RANDBETWEEN($O$5,$P$5),IF($E39=$O$7,RANDBETWEEN($O$8,$P$8),IF($E39=$O$10,RANDBETWEEN($O$11,$P$11),IF($E39=$O$13,RANDBETWEEN($O$14,$P$14),IF($E39=$O$16,RANDBETWEEN($O$17,$P$17),IF($E39=$O$19,RANDBETWEEN($O$20,$P$20),IF($E39=$O$22,RANDBETWEEN($O$23,$P$23),IF($E39=$O$25,RANDBETWEEN($O$26,$P$26),IF($E39=$O$28,RANDBETWEEN($O$29,$P$29),"0")))))))))) -> 140 | K39: =IF($E39=$O$1,RANDBETWEEN($O$2,$P$2),IF($E39=$O$4,RANDBETWEEN($O$5,$P$5),IF($E39=$O$7,RANDBETWEEN($O$8,$P$8),IF($E39=$O$10,RANDBETWEEN($O$11,$P$11),IF($E39=$O$13,RANDBETWEEN($O$14,$P$14),IF($E39=$O$16,RANDBETWEEN($O$17,$P$17),IF($E39=$O$19,RANDBETWEEN($O$20,$P$20),IF($E39=$O$22,RANDBETWEEN($O$23,$P$23),IF($E39=$O$25,RANDBETWEEN($O$26,$P$26),IF($E39=$O$28,RANDBETWEEN($O$29,$P$29),"0")))))))))) -> 137
A40: ='1 шаблон'!A71 -> 0 | B40: ='1 шаблон'!A72 -> 0 | C40: ='1 шаблон'!B71 -> 0 | D40: ='1 шаблон'!C71 -> 0 | E40: =$O$1 -> Сталь 20 | F40: =IF($E40=$O$1,RANDBETWEEN($O$2,$P$2),IF($E40=$O$4,RANDBETWEEN($O$5,$P$5),IF($E40=$O$7,RANDBETWEEN($O$8,$P$8),IF($E40=$O$10,RANDBETWEEN($O$11,$P$11),IF($E40=$O$13,RANDBETWEEN($O$14,$P$14),IF($E40=$O$16,RANDBETWEEN($O$17,$P$17),IF($E40=$O$19,RANDBETWEEN($O$20,$P$20),IF($E40=$O$22,RANDBETWEEN($O$23,$P$23),IF($E40=$O$25,RANDBETWEEN($O$26,$P$26),IF($E40=$O$28,RANDBETWEEN($O$29,$P$29),"0")))))))))) -> 138 | G40: =IF($E40=$O$1,RANDBETWEEN($O$2,$P$2),IF($E40=$O$4,RANDBETWEEN($O$5,$P$5),IF($E40=$O$7,RANDBETWEEN($O$8,$P$8),IF($E40=$O$10,RANDBETWEEN($O$11,$P$11),IF($E40=$O$13,RANDBETWEEN($O$14,$P$14),IF($E40=$O$16,RANDBETWEEN($O$17,$P$17),IF($E40=$O$19,RANDBETWEEN($O$20,$P$20),IF($E40=$O$22,RANDBETWEEN($O$23,$P$23),IF($E40=$O$25,RANDBETWEEN($O$26,$P$26),IF($E40=$O$28,RANDBETWEEN($O$29,$P$29),"0")))))))))) -> 147 | H40: =IF($E40=$O$1,RANDBETWEEN($O$2,$P$2),IF($E40=$O$4,RANDBETWEEN($O$5,$P$5),IF($E40=$O$7,RANDBETWEEN($O$8,$P$8),IF($E40=$O$10,RANDBETWEEN($O$11,$P$11),IF($E40=$O$13,RANDBETWEEN($O$14,$P$14),IF($E40=$O$16,RANDBETWEEN($O$17,$P$17),IF($E40=$O$19,RANDBETWEEN($O$20,$P$20),IF($E40=$O$22,RANDBETWEEN($O$23,$P$23),IF($E40=$O$25,RANDBETWEEN($O$26,$P$26),IF($E40=$O$28,RANDBETWEEN($O$29,$P$29),"0")))))))))) -> 139 | I40: =IF($E40=$O$1,RANDBETWEEN($O$2,$P$2),IF($E40=$O$4,RANDBETWEEN($O$5,$P$5),IF($E40=$O$7,RANDBETWEEN($O$8,$P$8),IF($E40=$O$10,RANDBETWEEN($O$11,$P$11),IF($E40=$O$13,RANDBETWEEN($O$14,$P$14),IF($E40=$O$16,RANDBETWEEN($O$17,$P$17),IF($E40=$O$19,RANDBETWEEN($O$20,$P$20),IF($E40=$O$22,RANDBETWEEN($O$23,$P$23),IF($E40=$O$25,RANDBETWEEN($O$26,$P$26),IF($E40=$O$28,RANDBETWEEN($O$29,$P$29),"0")))))))))) -> 151 | J40: =IF($E40=$O$1,RANDBETWEEN($O$2,$P$2),IF($E40=$O$4,RANDBETWEEN($O$5,$P$5),IF($E40=$O$7,RANDBETWEEN($O$8,$P$8),IF($E40=$O$10,RANDBETWEEN($O$11,$P$11),IF($E40=$O$13,RANDBETWEEN($O$14,$P$14),IF($E40=$O$16,RANDBETWEEN($O$17,$P$17),IF($E40=$O$19,RANDBETWEEN($O$20,$P$20),IF($E40=$O$22,RANDBETWEEN($O$23,$P$23),IF($E40=$O$25,RANDBETWEEN($O$26,$P$26),IF($E40=$O$28,RANDBETWEEN($O$29,$P$29),"0")))))))))) -> 148 | K40: =IF($E40=$O$1,RANDBETWEEN($O$2,$P$2),IF($E40=$O$4,RANDBETWEEN($O$5,$P$5),IF($E40=$O$7,RANDBETWEEN($O$8,$P$8),IF($E40=$O$10,RANDBETWEEN($O$11,$P$11),IF($E40=$O$13,RANDBETWEEN($O$14,$P$14),IF($E40=$O$16,RANDBETWEEN($O$17,$P$17),IF($E40=$O$19,RANDBETWEEN($O$20,$P$20),IF($E40=$O$22,RANDBETWEEN($O$23,$P$23),IF($E40=$O$25,RANDBETWEEN($O$26,$P$26),IF($E40=$O$28,RANDBETWEEN($O$29,$P$29),"0")))))))))) -> 137
A41: ='1 шаблон'!A74 -> 0 | B41: ='1 шаблон'!A75 -> 0 | C41: ='1 шаблон'!B74 -> 0 | D41: ='1 шаблон'!C74 -> 0 | E41: =$O$1 -> Сталь 20 | F41: =IF($E41=$O$1,RANDBETWEEN($O$2,$P$2),IF($E41=$O$4,RANDBETWEEN($O$5,$P$5),IF($E41=$O$7,RANDBETWEEN($O$8,$P$8),IF($E41=$O$10,RANDBETWEEN($O$11,$P$11),IF($E41=$O$13,RANDBETWEEN($O$14,$P$14),IF($E41=$O$16,RANDBETWEEN($O$17,$P$17),IF($E41=$O$19,RANDBETWEEN($O$20,$P$20),IF($E41=$O$22,RANDBETWEEN($O$23,$P$23),IF($E41=$O$25,RANDBETWEEN($O$26,$P$26),IF($E41=$O$28,RANDBETWEEN($O$29,$P$29),"0")))))))))) -> 142 | G41: =IF($E41=$O$1,RANDBETWEEN($O$2,$P$2),IF($E41=$O$4,RANDBETWEEN($O$5,$P$5),IF($E41=$O$7,RANDBETWEEN($O$8,$P$8),IF($E41=$O$10,RANDBETWEEN($O$11,$P$11),IF($E41=$O$13,RANDBETWEEN($O$14,$P$14),IF($E41=$O$16,RANDBETWEEN($O$17,$P$17),IF($E41=$O$19,RANDBETWEEN($O$20,$P$20),IF($E41=$O$22,RANDBETWEEN($O$23,$P$23),IF($E41=$O$25,RANDBETWEEN($O$26,$P$26),IF($E41=$O$28,RANDBETWEEN($O$29,$P$29),"0")))))))))) -> 141 | H41: =IF($E41=$O$1,RANDBETWEEN($O$2,$P$2),IF($E41=$O$4,RANDBETWEEN($O$5,$P$5),IF($E41=$O$7,RANDBETWEEN($O$8,$P$8),IF($E41=$O$10,RANDBETWEEN($O$11,$P$11),IF($E41=$O$13,RANDBETWEEN($O$14,$P$14),IF($E41=$O$16,RANDBETWEEN($O$17,$P$17),IF($E41=$O$19,RANDBETWEEN($O$20,$P$20),IF($E41=$O$22,RANDBETWEEN($O$23,$P$23),IF($E41=$O$25,RANDBETWEEN($O$26,$P$26),IF($E41=$O$28,RANDBETWEEN($O$29,$P$29),"0")))))))))) -> 138 | I41: =IF($E41=$O$1,RANDBETWEEN($O$2,$P$2),IF($E41=$O$4,RANDBETWEEN($O$5,$P$5),IF($E41=$O$7,RANDBETWEEN($O$8,$P$8),IF($E41=$O$10,RANDBETWEEN($O$11,$P$11),IF($E41=$O$13,RANDBETWEEN($O$14,$P$14),IF($E41=$O$16,RANDBETWEEN($O$17,$P$17),IF($E41=$O$19,RANDBETWEEN($O$20,$P$20),IF($E41=$O$22,RANDBETWEEN($O$23,$P$23),IF($E41=$O$25,RANDBETWEEN($O$26,$P$26),IF($E41=$O$28,RANDBETWEEN($O$29,$P$29),"0")))))))))) -> 137 | J41: =IF($E41=$O$1,RANDBETWEEN($O$2,$P$2),IF($E41=$O$4,RANDBETWEEN($O$5,$P$5),IF($E41=$O$7,RANDBETWEEN($O$8,$P$8),IF($E41=$O$10,RANDBETWEEN($O$11,$P$11),IF($E41=$O$13,RANDBETWEEN($O$14,$P$14),IF($E41=$O$16,RANDBETWEEN($O$17,$P$17),IF($E41=$O$19,RANDBETWEEN($O$20,$P$20),IF($E41=$O$22,RANDBETWEEN($O$23,$P$23),IF($E41=$O$25,RANDBETWEEN($O$26,$P$26),IF($E41=$O$28,RANDBETWEEN($O$29,$P$29),"0")))))))))) -> 151 | K41: =IF($E41=$O$1,RANDBETWEEN($O$2,$P$2),IF($E41=$O$4,RANDBETWEEN($O$5,$P$5),IF($E41=$O$7,RANDBETWEEN($O$8,$P$8),IF($E41=$O$10,RANDBETWEEN($O$11,$P$11),IF($E41=$O$13,RANDBETWEEN($O$14,$P$14),IF($E41=$O$16,RANDBETWEEN($O$17,$P$17),IF($E41=$O$19,RANDBETWEEN($O$20,$P$20),IF($E41=$O$22,RANDBETWEEN($O$23,$P$23),IF($E41=$O$25,RANDBETWEEN($O$26,$P$26),IF($E41=$O$28,RANDBETWEEN($O$29,$P$29),"0")))))))))) -> 149
A42: ='1 шаблон'!A77 -> 0 | B42: ='1 шаблон'!A78 -> 0 | C42: ='1 шаблон'!B77 -> 0 | D42: ='1 шаблон'!C77 -> 0 | E42: =$O$1 -> Сталь 20 | F42: =IF($E42=$O$1,RANDBETWEEN($O$2,$P$2),IF($E42=$O$4,RANDBETWEEN($O$5,$P$5),IF($E42=$O$7,RANDBETWEEN($O$8,$P$8),IF($E42=$O$10,RANDBETWEEN($O$11,$P$11),IF($E42=$O$13,RANDBETWEEN($O$14,$P$14),IF($E42=$O$16,RANDBETWEEN($O$17,$P$17),IF($E42=$O$19,RANDBETWEEN($O$20,$P$20),IF($E42=$O$22,RANDBETWEEN($O$23,$P$23),IF($E42=$O$25,RANDBETWEEN($O$26,$P$26),IF($E42=$O$28,RANDBETWEEN($O$29,$P$29),"0")))))))))) -> 146 | G42: =IF($E42=$O$1,RANDBETWEEN($O$2,$P$2),IF($E42=$O$4,RANDBETWEEN($O$5,$P$5),IF($E42=$O$7,RANDBETWEEN($O$8,$P$8),IF($E42=$O$10,RANDBETWEEN($O$11,$P$11),IF($E42=$O$13,RANDBETWEEN($O$14,$P$14),IF($E42=$O$16,RANDBETWEEN($O$17,$P$17),IF($E42=$O$19,RANDBETWEEN($O$20,$P$20),IF($E42=$O$22,RANDBETWEEN($O$23,$P$23),IF($E42=$O$25,RANDBETWEEN($O$26,$P$26),IF($E42=$O$28,RANDBETWEEN($O$29,$P$29),"0")))))))))) -> 151 | H42: =IF($E42=$O$1,RANDBETWEEN($O$2,$P$2),IF($E42=$O$4,RANDBETWEEN($O$5,$P$5),IF($E42=$O$7,RANDBETWEEN($O$8,$P$8),IF($E42=$O$10,RANDBETWEEN($O$11,$P$11),IF($E42=$O$13,RANDBETWEEN($O$14,$P$14),IF($E42=$O$16,RANDBETWEEN($O$17,$P$17),IF($E42=$O$19,RANDBETWEEN($O$20,$P$20),IF($E42=$O$22,RANDBETWEEN($O$23,$P$23),IF($E42=$O$25,RANDBETWEEN($O$26,$P$26),IF($E42=$O$28,RANDBETWEEN($O$29,$P$29),"0")))))))))) -> 146 | I42: =IF($E42=$O$1,RANDBETWEEN($O$2,$P$2),IF($E42=$O$4,RANDBETWEEN($O$5,$P$5),IF($E42=$O$7,RANDBETWEEN($O$8,$P$8),IF($E42=$O$10,RANDBETWEEN($O$11,$P$11),IF($E42=$O$13,RANDBETWEEN($O$14,$P$14),IF($E42=$O$16,RANDBETWEEN($O$17,$P$17),IF($E42=$O$19,RANDBETWEEN($O$20,$P$20),IF($E42=$O$22,RANDBETWEEN($O$23,$P$23),IF($E42=$O$25,RANDBETWEEN($O$26,$P$26),IF($E42=$O$28,RANDBETWEEN($O$29,$P$29),"0")))))))))) -> 151 | J42: =IF($E42=$O$1,RANDBETWEEN($O$2,$P$2),IF($E42=$O$4,RANDBETWEEN($O$5,$P$5),IF($E42=$O$7,RANDBETWEEN($O$8,$P$8),IF($E42=$O$10,RANDBETWEEN($O$11,$P$11),IF($E42=$O$13,RANDBETWEEN($O$14,$P$14),IF($E42=$O$16,RANDBETWEEN($O$17,$P$17),IF($E42=$O$19,RANDBETWEEN($O$20,$P$20),IF($E42=$O$22,RANDBETWEEN($O$23,$P$23),IF($E42=$O$25,RANDBETWEEN($O$26,$P$26),IF($E42=$O$28,RANDBETWEEN($O$29,$P$29),"0")))))))))) -> 147 | K42: =IF($E42=$O$1,RANDBETWEEN($O$2,$P$2),IF($E42=$O$4,RANDBETWEEN($O$5,$P$5),IF($E42=$O$7,RANDBETWEEN($O$8,$P$8),IF($E42=$O$10,RANDBETWEEN($O$11,$P$11),IF($E42=$O$13,RANDBETWEEN($O$14,$P$14),IF($E42=$O$16,RANDBETWEEN($O$17,$P$17),IF($E42=$O$19,RANDBETWEEN($O$20,$P$20),IF($E42=$O$22,RANDBETWEEN($O$23,$P$23),IF($E42=$O$25,RANDBETWEEN($O$26,$P$26),IF($E42=$O$28,RANDBETWEEN($O$29,$P$29),"0")))))))))) -> 147
A43: ='1 шаблон'!A80 -> 0 | B43: ='1 шаблон'!A81 -> 0 | C43: ='1 шаблон'!B80 -> 0 | D43: ='1 шаблон'!C80 -> 0 | E43: =$O$1 -> Сталь 20 | F43: =IF($E43=$O$1,RANDBETWEEN($O$2,$P$2),IF($E43=$O$4,RANDBETWEEN($O$5,$P$5),IF($E43=$O$7,RANDBETWEEN($O$8,$P$8),IF($E43=$O$10,RANDBETWEEN($O$11,$P$11),IF($E43=$O$13,RANDBETWEEN($O$14,$P$14),IF($E43=$O$16,RANDBETWEEN($O$17,$P$17),IF($E43=$O$19,RANDBETWEEN($O$20,$P$20),IF($E43=$O$22,RANDBETWEEN($O$23,$P$23),IF($E43=$O$25,RANDBETWEEN($O$26,$P$26),IF($E43=$O$28,RANDBETWEEN($O$29,$P$29),"0")))))))))) -> 152 | G43: =IF($E43=$O$1,RANDBETWEEN($O$2,$P$2),IF($E43=$O$4,RANDBETWEEN($O$5,$P$5),IF($E43=$O$7,RANDBETWEEN($O$8,$P$8),IF($E43=$O$10,RANDBETWEEN($O$11,$P$11),IF($E43=$O$13,RANDBETWEEN($O$14,$P$14),IF($E43=$O$16,RANDBETWEEN($O$17,$P$17),IF($E43=$O$19,RANDBETWEEN($O$20,$P$20),IF($E43=$O$22,RANDBETWEEN($O$23,$P$23),IF($E43=$O$25,RANDBETWEEN($O$26,$P$26),IF($E43=$O$28,RANDBETWEEN($O$29,$P$29),"0")))))))))) -> 147 | H43: =IF($E43=$O$1,RANDBETWEEN($O$2,$P$2),IF($E43=$O$4,RANDBETWEEN($O$5,$P$5),IF($E43=$O$7,RANDBETWEEN($O$8,$P$8),IF($E43=$O$10,RANDBETWEEN($O$11,$P$11),IF($E43=$O$13,RANDBETWEEN($O$14,$P$14),IF($E43=$O$16,RANDBETWEEN($O$17,$P$17),IF($E43=$O$19,RANDBETWEEN($O$20,$P$20),IF($E43=$O$22,RANDBETWEEN($O$23,$P$23),IF($E43=$O$25,RANDBETWEEN($O$26,$P$26),IF($E43=$O$28,RANDBETWEEN($O$29,$P$29),"0")))))))))) -> 147 | I43: =IF($E43=$O$1,RANDBETWEEN($O$2,$P$2),IF($E43=$O$4,RANDBETWEEN($O$5,$P$5),IF($E43=$O$7,RANDBETWEEN($O$8,$P$8),IF($E43=$O$10,RANDBETWEEN($O$11,$P$11),IF($E43=$O$13,RANDBETWEEN($O$14,$P$14),IF($E43=$O$16,RANDBETWEEN($O$17,$P$17),IF($E43=$O$19,RANDBETWEEN($O$20,$P$20),IF($E43=$O$22,RANDBETWEEN($O$23,$P$23),IF($E43=$O$25,RANDBETWEEN($O$26,$P$26),IF($E43=$O$28,RANDBETWEEN($O$29,$P$29),"0")))))))))) -> 142 | J43: =IF($E43=$O$1,RANDBETWEEN($O$2,$P$2),IF($E43=$O$4,RANDBETWEEN($O$5,$P$5),IF($E43=$O$7,RANDBETWEEN($O$8,$P$8),IF($E43=$O$10,RANDBETWEEN($O$11,$P$11),IF($E43=$O$13,RANDBETWEEN($O$14,$P$14),IF($E43=$O$16,RANDBETWEEN($O$17,$P$17),IF($E43=$O$19,RANDBETWEEN($O$20,$P$20),IF($E43=$O$22,RANDBETWEEN($O$23,$P$23),IF($E43=$O$25,RANDBETWEEN($O$26,$P$26),IF($E43=$O$28,RANDBETWEEN($O$29,$P$29),"0")))))))))) -> 144 | K43: =IF($E43=$O$1,RANDBETWEEN($O$2,$P$2),IF($E43=$O$4,RANDBETWEEN($O$5,$P$5),IF($E43=$O$7,RANDBETWEEN($O$8,$P$8),IF($E43=$O$10,RANDBETWEEN($O$11,$P$11),IF($E43=$O$13,RANDBETWEEN($O$14,$P$14),IF($E43=$O$16,RANDBETWEEN($O$17,$P$17),IF($E43=$O$19,RANDBETWEEN($O$20,$P$20),IF($E43=$O$22,RANDBETWEEN($O$23,$P$23),IF($E43=$O$25,RANDBETWEEN($O$26,$P$26),IF($E43=$O$28,RANDBETWEEN($O$29,$P$29),"0")))))))))) -> 143
A44: ='1 шаблон'!A83 -> 0 | B44: ='1 шаблон'!A84 -> 0 | C44: ='1 шаблон'!B83 -> 0 | D44: ='1 шаблон'!C83 -> 0 | E44: =$O$1 -> Сталь 20 | F44: =IF($E44=$O$1,RANDBETWEEN($O$2,$P$2),IF($E44=$O$4,RANDBETWEEN($O$5,$P$5),IF($E44=$O$7,RANDBETWEEN($O$8,$P$8),IF($E44=$O$10,RANDBETWEEN($O$11,$P$11),IF($E44=$O$13,RANDBETWEEN($O$14,$P$14),IF($E44=$O$16,RANDBETWEEN($O$17,$P$17),IF($E44=$O$19,RANDBETWEEN($O$20,$P$20),IF($E44=$O$22,RANDBETWEEN($O$23,$P$23),IF($E44=$O$25,RANDBETWEEN($O$26,$P$26),IF($E44=$O$28,RANDBETWEEN($O$29,$P$29),"0")))))))))) -> 139 | G44: =IF($E44=$O$1,RANDBETWEEN($O$2,$P$2),IF($E44=$O$4,RANDBETWEEN($O$5,$P$5),IF($E44=$O$7,RANDBETWEEN($O$8,$P$8),IF($E44=$O$10,RANDBETWEEN($O$11,$P$11),IF($E44=$O$13,RANDBETWEEN($O$14,$P$14),IF($E44=$O$16,RANDBETWEEN($O$17,$P$17),IF($E44=$O$19,RANDBETWEEN($O$20,$P$20),IF($E44=$O$22,RANDBETWEEN($O$23,$P$23),IF($E44=$O$25,RANDBETWEEN($O$26,$P$26),IF($E44=$O$28,RANDBETWEEN($O$29,$P$29),"0")))))))))) -> 140 | H44: =IF($E44=$O$1,RANDBETWEEN($O$2,$P$2),IF($E44=$O$4,RANDBETWEEN($O$5,$P$5),IF($E44=$O$7,RANDBETWEEN($O$8,$P$8),IF($E44=$O$10,RANDBETWEEN($O$11,$P$11),IF($E44=$O$13,RANDBETWEEN($O$14,$P$14),IF($E44=$O$16,RANDBETWEEN($O$17,$P$17),IF($E44=$O$19,RANDBETWEEN($O$20,$P$20),IF($E44=$O$22,RANDBETWEEN($O$23,$P$23),IF($E44=$O$25,RANDBETWEEN($O$26,$P$26),IF($E44=$O$28,RANDBETWEEN($O$29,$P$29),"0")))))))))) -> 143 | I44: =IF($E44=$O$1,RANDBETWEEN($O$2,$P$2),IF($E44=$O$4,RANDBETWEEN($O$5,$P$5),IF($E44=$O$7,RANDBETWEEN($O$8,$P$8),IF($E44=$O$10,RANDBETWEEN($O$11,$P$11),IF($E44=$O$13,RANDBETWEEN($O$14,$P$14),IF($E44=$O$16,RANDBETWEEN($O$17,$P$17),IF($E44=$O$19,RANDBETWEEN($O$20,$P$20),IF($E44=$O$22,RANDBETWEEN($O$23,$P$23),IF($E44=$O$25,RANDBETWEEN($O$26,$P$26),IF($E44=$O$28,RANDBETWEEN($O$29,$P$29),"0")))))))))) -> 146 | J44: =IF($E44=$O$1,RANDBETWEEN($O$2,$P$2),IF($E44=$O$4,RANDBETWEEN($O$5,$P$5),IF($E44=$O$7,RANDBETWEEN($O$8,$P$8),IF($E44=$O$10,RANDBETWEEN($O$11,$P$11),IF($E44=$O$13,RANDBETWEEN($O$14,$P$14),IF($E44=$O$16,RANDBETWEEN($O$17,$P$17),IF($E44=$O$19,RANDBETWEEN($O$20,$P$20),IF($E44=$O$22,RANDBETWEEN($O$23,$P$23),IF($E44=$O$25,RANDBETWEEN($O$26,$P$26),IF($E44=$O$28,RANDBETWEEN($O$29,$P$29),"0")))))))))) -> 139 | K44: =IF($E44=$O$1,RANDBETWEEN($O$2,$P$2),IF($E44=$O$4,RANDBETWEEN($O$5,$P$5),IF($E44=$O$7,RANDBETWEEN($O$8,$P$8),IF($E44=$O$10,RANDBETWEEN($O$11,$P$11),IF($E44=$O$13,RANDBETWEEN($O$14,$P$14),IF($E44=$O$16,RANDBETWEEN($O$17,$P$17),IF($E44=$O$19,RANDBETWEEN($O$20,$P$20),IF($E44=$O$22,RANDBETWEEN($O$23,$P$23),IF($E44=$O$25,RANDBETWEEN($O$26,$P$26),IF($E44=$O$28,RANDBETWEEN($O$29,$P$29),"0")))))))))) -> 142
A45: ='1 шаблон'!A86 -> 0 | B45: ='1 шаблон'!A87 -> 0 | C45: ='1 шаблон'!B86 -> 0 | D45: ='1 шаблон'!C86 -> 0 | E45: =$O$1 -> Сталь 20 | F45: =IF($E45=$O$1,RANDBETWEEN($O$2,$P$2),IF($E45=$O$4,RANDBETWEEN($O$5,$P$5),IF($E45=$O$7,RANDBETWEEN($O$8,$P$8),IF($E45=$O$10,RANDBETWEEN($O$11,$P$11),IF($E45=$O$13,RANDBETWEEN($O$14,$P$14),IF($E45=$O$16,RANDBETWEEN($O$17,$P$17),IF($E45=$O$19,RANDBETWEEN($O$20,$P$20),IF($E45=$O$22,RANDBETWEEN($O$23,$P$23),IF($E45=$O$25,RANDBETWEEN($O$26,$P$26),IF($E45=$O$28,RANDBETWEEN($O$29,$P$29),"0")))))))))) -> 143 | G45: =IF($E45=$O$1,RANDBETWEEN($O$2,$P$2),IF($E45=$O$4,RANDBETWEEN($O$5,$P$5),IF($E45=$O$7,RANDBETWEEN($O$8,$P$8),IF($E45=$O$10,RANDBETWEEN($O$11,$P$11),IF($E45=$O$13,RANDBETWEEN($O$14,$P$14),IF($E45=$O$16,RANDBETWEEN($O$17,$P$17),IF($E45=$O$19,RANDBETWEEN($O$20,$P$20),IF($E45=$O$22,RANDBETWEEN($O$23,$P$23),IF($E45=$O$25,RANDBETWEEN($O$26,$P$26),IF($E45=$O$28,RANDBETWEEN($O$29,$P$29),"0")))))))))) -> 147 | H45: =IF($E45=$O$1,RANDBETWEEN($O$2,$P$2),IF($E45=$O$4,RANDBETWEEN($O$5,$P$5),IF($E45=$O$7,RANDBETWEEN($O$8,$P$8),IF($E45=$O$10,RANDBETWEEN($O$11,$P$11),IF($E45=$O$13,RANDBETWEEN($O$14,$P$14),IF($E45=$O$16,RANDBETWEEN($O$17,$P$17),IF($E45=$O$19,RANDBETWEEN($O$20,$P$20),IF($E45=$O$22,RANDBETWEEN($O$23,$P$23),IF($E45=$O$25,RANDBETWEEN($O$26,$P$26),IF($E45=$O$28,RANDBETWEEN($O$29,$P$29),"0")))))))))) -> 137 | I45: =IF($E45=$O$1,RANDBETWEEN($O$2,$P$2),IF($E45=$O$4,RANDBETWEEN($O$5,$P$5),IF($E45=$O$7,RANDBETWEEN($O$8,$P$8),IF($E45=$O$10,RANDBETWEEN($O$11,$P$11),IF($E45=$O$13,RANDBETWEEN($O$14,$P$14),IF($E45=$O$16,RANDBETWEEN($O$17,$P$17),IF($E45=$O$19,RANDBETWEEN($O$20,$P$20),IF($E45=$O$22,RANDBETWEEN($O$23,$P$23),IF($E45=$O$25,RANDBETWEEN($O$26,$P$26),IF($E45=$O$28,RANDBETWEEN($O$29,$P$29),"0")))))))))) -> 151 | J45: =IF($E45=$O$1,RANDBETWEEN($O$2,$P$2),IF($E45=$O$4,RANDBETWEEN($O$5,$P$5),IF($E45=$O$7,RANDBETWEEN($O$8,$P$8),IF($E45=$O$10,RANDBETWEEN($O$11,$P$11),IF($E45=$O$13,RANDBETWEEN($O$14,$P$14),IF($E45=$O$16,RANDBETWEEN($O$17,$P$17),IF($E45=$O$19,RANDBETWEEN($O$20,$P$20),IF($E45=$O$22,RANDBETWEEN($O$23,$P$23),IF($E45=$O$25,RANDBETWEEN($O$26,$P$26),IF($E45=$O$28,RANDBETWEEN($O$29,$P$29),"0")))))))))) -> 137 | K45: =IF($E45=$O$1,RANDBETWEEN($O$2,$P$2),IF($E45=$O$4,RANDBETWEEN($O$5,$P$5),IF($E45=$O$7,RANDBETWEEN($O$8,$P$8),IF($E45=$O$10,RANDBETWEEN($O$11,$P$11),IF($E45=$O$13,RANDBETWEEN($O$14,$P$14),IF($E45=$O$16,RANDBETWEEN($O$17,$P$17),IF($E45=$O$19,RANDBETWEEN($O$20,$P$20),IF($E45=$O$22,RANDBETWEEN($O$23,$P$23),IF($E45=$O$25,RANDBETWEEN($O$26,$P$26),IF($E45=$O$28,RANDBETWEEN($O$29,$P$29),"0")))))))))) -> 140
A46: ='1 шаблон'!A89 -> 0 | B46: ='1 шаблон'!A90 -> 0 | C46: ='1 шаблон'!B89 -> 0 | D46: ='1 шаблон'!C89 -> 0 | E46: =$O$1 -> Сталь 20 | F46: =IF($E46=$O$1,RANDBETWEEN($O$2,$P$2),IF($E46=$O$4,RANDBETWEEN($O$5,$P$5),IF($E46=$O$7,RANDBETWEEN($O$8,$P$8),IF($E46=$O$10,RANDBETWEEN($O$11,$P$11),IF($E46=$O$13,RANDBETWEEN($O$14,$P$14),IF($E46=$O$16,RANDBETWEEN($O$17,$P$17),IF($E46=$O$19,RANDBETWEEN($O$20,$P$20),IF($E46=$O$22,RANDBETWEEN($O$23,$P$23),IF($E46=$O$25,RANDBETWEEN($O$26,$P$26),IF($E46=$O$28,RANDBETWEEN($O$29,$P$29),"0")))))))))) -> 152 | G46: =IF($E46=$O$1,RANDBETWEEN($O$2,$P$2),IF($E46=$O$4,RANDBETWEEN($O$5,$P$5),IF($E46=$O$7,RANDBETWEEN($O$8,$P$8),IF($E46=$O$10,RANDBETWEEN($O$11,$P$11),IF($E46=$O$13,RANDBETWEEN($O$14,$P$14),IF($E46=$O$16,RANDBETWEEN($O$17,$P$17),IF($E46=$O$19,RANDBETWEEN($O$20,$P$20),IF($E46=$O$22,RANDBETWEEN($O$23,$P$23),IF($E46=$O$25,RANDBETWEEN($O$26,$P$26),IF($E46=$O$28,RANDBETWEEN($O$29,$P$29),"0")))))))))) -> 139 | H46: =IF($E46=$O$1,RANDBETWEEN($O$2,$P$2),IF($E46=$O$4,RANDBETWEEN($O$5,$P$5),IF($E46=$O$7,RANDBETWEEN($O$8,$P$8),IF($E46=$O$10,RANDBETWEEN($O$11,$P$11),IF($E46=$O$13,RANDBETWEEN($O$14,$P$14),IF($E46=$O$16,RANDBETWEEN($O$17,$P$17),IF($E46=$O$19,RANDBETWEEN($O$20,$P$20),IF($E46=$O$22,RANDBETWEEN($O$23,$P$23),IF($E46=$O$25,RANDBETWEEN($O$26,$P$26),IF($E46=$O$28,RANDBETWEEN($O$29,$P$29),"0")))))))))) -> 144 | I46: =IF($E46=$O$1,RANDBETWEEN($O$2,$P$2),IF($E46=$O$4,RANDBETWEEN($O$5,$P$5),IF($E46=$O$7,RANDBETWEEN($O$8,$P$8),IF($E46=$O$10,RANDBETWEEN($O$11,$P$11),IF($E46=$O$13,RANDBETWEEN($O$14,$P$14),IF($E46=$O$16,RANDBETWEEN($O$17,$P$17),IF($E46=$O$19,RANDBETWEEN($O$20,$P$20),IF($E46=$O$22,RANDBETWEEN($O$23,$P$23),IF($E46=$O$25,RANDBETWEEN($O$26,$P$26),IF($E46=$O$28,RANDBETWEEN($O$29,$P$29),"0")))))))))) -> 141 | J46: =IF($E46=$O$1,RANDBETWEEN($O$2,$P$2),IF($E46=$O$4,RANDBETWEEN($O$5,$P$5),IF($E46=$O$7,RANDBETWEEN($O$8,$P$8),IF($E46=$O$10,RANDBETWEEN($O$11,$P$11),IF($E46=$O$13,RANDBETWEEN($O$14,$P$14),IF($E46=$O$16,RANDBETWEEN($O$17,$P$17),IF($E46=$O$19,RANDBETWEEN($O$20,$P$20),IF($E46=$O$22,RANDBETWEEN($O$23,$P$23),IF($E46=$O$25,RANDBETWEEN($O$26,$P$26),IF($E46=$O$28,RANDBETWEEN($O$29,$P$29),"0")))))))))) -> 150 | K46: =IF($E46=$O$1,RANDBETWEEN($O$2,$P$2),IF($E46=$O$4,RANDBETWEEN($O$5,$P$5),IF($E46=$O$7,RANDBETWEEN($O$8,$P$8),IF($E46=$O$10,RANDBETWEEN($O$11,$P$11),IF($E46=$O$13,RANDBETWEEN($O$14,$P$14),IF($E46=$O$16,RANDBETWEEN($O$17,$P$17),IF($E46=$O$19,RANDBETWEEN($O$20,$P$20),IF($E46=$O$22,RANDBETWEEN($O$23,$P$23),IF($E46=$O$25,RANDBETWEEN($O$26,$P$26),IF($E46=$O$28,RANDBETWEEN($O$29,$P$29),"0")))))))))) -> 150
A47: ='1 шаблон'!A92 -> 0 | B47: ='1 шаблон'!A93 -> 0 | C47: ='1 шаблон'!B92 -> 0 | D47: ='1 шаблон'!C92 -> 0 | E47: =$O$1 -> Сталь 20 | F47: =IF($E47=$O$1,RANDBETWEEN($O$2,$P$2),IF($E47=$O$4,RANDBETWEEN($O$5,$P$5),IF($E47=$O$7,RANDBETWEEN($O$8,$P$8),IF($E47=$O$10,RANDBETWEEN($O$11,$P$11),IF($E47=$O$13,RANDBETWEEN($O$14,$P$14),IF($E47=$O$16,RANDBETWEEN($O$17,$P$17),IF($E47=$O$19,RANDBETWEEN($O$20,$P$20),IF($E47=$O$22,RANDBETWEEN($O$23,$P$23),IF($E47=$O$25,RANDBETWEEN($O$26,$P$26),IF($E47=$O$28,RANDBETWEEN($O$29,$P$29),"0")))))))))) -> 141 | G47: =IF($E47=$O$1,RANDBETWEEN($O$2,$P$2),IF($E47=$O$4,RANDBETWEEN($O$5,$P$5),IF($E47=$O$7,RANDBETWEEN($O$8,$P$8),IF($E47=$O$10,RANDBETWEEN($O$11,$P$11),IF($E47=$O$13,RANDBETWEEN($O$14,$P$14),IF($E47=$O$16,RANDBETWEEN($O$17,$P$17),IF($E47=$O$19,RANDBETWEEN($O$20,$P$20),IF($E47=$O$22,RANDBETWEEN($O$23,$P$23),IF($E47=$O$25,RANDBETWEEN($O$26,$P$26),IF($E47=$O$28,RANDBETWEEN($O$29,$P$29),"0")))))))))) -> 138 | H47: =IF($E47=$O$1,RANDBETWEEN($O$2,$P$2),IF($E47=$O$4,RANDBETWEEN($O$5,$P$5),IF($E47=$O$7,RANDBETWEEN($O$8,$P$8),IF($E47=$O$10,RANDBETWEEN($O$11,$P$11),IF($E47=$O$13,RANDBETWEEN($O$14,$P$14),IF($E47=$O$16,RANDBETWEEN($O$17,$P$17),IF($E47=$O$19,RANDBETWEEN($O$20,$P$20),IF($E47=$O$22,RANDBETWEEN($O$23,$P$23),IF($E47=$O$25,RANDBETWEEN($O$26,$P$26),IF($E47=$O$28,RANDBETWEEN($O$29,$P$29),"0")))))))))) -> 145 | I47: =IF($E47=$O$1,RANDBETWEEN($O$2,$P$2),IF($E47=$O$4,RANDBETWEEN($O$5,$P$5),IF($E47=$O$7,RANDBETWEEN($O$8,$P$8),IF($E47=$O$10,RANDBETWEEN($O$11,$P$11),IF($E47=$O$13,RANDBETWEEN($O$14,$P$14),IF($E47=$O$16,RANDBETWEEN($O$17,$P$17),IF($E47=$O$19,RANDBETWEEN($O$20,$P$20),IF($E47=$O$22,RANDBETWEEN($O$23,$P$23),IF($E47=$O$25,RANDBETWEEN($O$26,$P$26),IF($E47=$O$28,RANDBETWEEN($O$29,$P$29),"0")))))))))) -> 148 | J47: =IF($E47=$O$1,RANDBETWEEN($O$2,$P$2),IF($E47=$O$4,RANDBETWEEN($O$5,$P$5),IF($E47=$O$7,RANDBETWEEN($O$8,$P$8),IF($E47=$O$10,RANDBETWEEN($O$11,$P$11),IF($E47=$O$13,RANDBETWEEN($O$14,$P$14),IF($E47=$O$16,RANDBETWEEN($O$17,$P$17),IF($E47=$O$19,RANDBETWEEN($O$20,$P$20),IF($E47=$O$22,RANDBETWEEN($O$23,$P$23),IF($E47=$O$25,RANDBETWEEN($O$26,$P$26),IF($E47=$O$28,RANDBETWEEN($O$29,$P$29),"0")))))))))) -> 152 | K47: =IF($E47=$O$1,RANDBETWEEN($O$2,$P$2),IF($E47=$O$4,RANDBETWEEN($O$5,$P$5),IF($E47=$O$7,RANDBETWEEN($O$8,$P$8),IF($E47=$O$10,RANDBETWEEN($O$11,$P$11),IF($E47=$O$13,RANDBETWEEN($O$14,$P$14),IF($E47=$O$16,RANDBETWEEN($O$17,$P$17),IF($E47=$O$19,RANDBETWEEN($O$20,$P$20),IF($E47=$O$22,RANDBETWEEN($O$23,$P$23),IF($E47=$O$25,RANDBETWEEN($O$26,$P$26),IF($E47=$O$28,RANDBETWEEN($O$29,$P$29),"0")))))))))) -> 137
A48: ='1 шаблон'!A95 -> 0 | B48: ='1 шаблон'!A96 -> 0 | C48: ='1 шаблон'!B95 -> 0 | D48: ='1 шаблон'!C95 -> 0 | E48: =$O$1 -> Сталь 20 | F48: =IF($E48=$O$1,RANDBETWEEN($O$2,$P$2),IF($E48=$O$4,RANDBETWEEN($O$5,$P$5),IF($E48=$O$7,RANDBETWEEN($O$8,$P$8),IF($E48=$O$10,RANDBETWEEN($O$11,$P$11),IF($E48=$O$13,RANDBETWEEN($O$14,$P$14),IF($E48=$O$16,RANDBETWEEN($O$17,$P$17),IF($E48=$O$19,RANDBETWEEN($O$20,$P$20),IF($E48=$O$22,RANDBETWEEN($O$23,$P$23),IF($E48=$O$25,RANDBETWEEN($O$26,$P$26),IF($E48=$O$28,RANDBETWEEN($O$29,$P$29),"0")))))))))) -> 140 | G48: =IF($E48=$O$1,RANDBETWEEN($O$2,$P$2),IF($E48=$O$4,RANDBETWEEN($O$5,$P$5),IF($E48=$O$7,RANDBETWEEN($O$8,$P$8),IF($E48=$O$10,RANDBETWEEN($O$11,$P$11),IF($E48=$O$13,RANDBETWEEN($O$14,$P$14),IF($E48=$O$16,RANDBETWEEN($O$17,$P$17),IF($E48=$O$19,RANDBETWEEN($O$20,$P$20),IF($E48=$O$22,RANDBETWEEN($O$23,$P$23),IF($E48=$O$25,RANDBETWEEN($O$26,$P$26),IF($E48=$O$28,RANDBETWEEN($O$29,$P$29),"0")))))))))) -> 145 | H48: =IF($E48=$O$1,RANDBETWEEN($O$2,$P$2),IF($E48=$O$4,RANDBETWEEN($O$5,$P$5),IF($E48=$O$7,RANDBETWEEN($O$8,$P$8),IF($E48=$O$10,RANDBETWEEN($O$11,$P$11),IF($E48=$O$13,RANDBETWEEN($O$14,$P$14),IF($E48=$O$16,RANDBETWEEN($O$17,$P$17),IF($E48=$O$19,RANDBETWEEN($O$20,$P$20),IF($E48=$O$22,RANDBETWEEN($O$23,$P$23),IF($E48=$O$25,RANDBETWEEN($O$26,$P$26),IF($E48=$O$28,RANDBETWEEN($O$29,$P$29),"0")))))))))) -> 137 | I48: =IF($E48=$O$1,RANDBETWEEN($O$2,$P$2),IF($E48=$O$4,RANDBETWEEN($O$5,$P$5),IF($E48=$O$7,RANDBETWEEN($O$8,$P$8),IF($E48=$O$10,RANDBETWEEN($O$11,$P$11),IF($E48=$O$13,RANDBETWEEN($O$14,$P$14),IF($E48=$O$16,RANDBETWEEN($O$17,$P$17),IF($E48=$O$19,RANDBETWEEN($O$20,$P$20),IF($E48=$O$22,RANDBETWEEN($O$23,$P$23),IF($E48=$O$25,RANDBETWEEN($O$26,$P$26),IF($E48=$O$28,RANDBETWEEN($O$29,$P$29),"0")))))))))) -> 148 | J48: =IF($E48=$O$1,RANDBETWEEN($O$2,$P$2),IF($E48=$O$4,RANDBETWEEN($O$5,$P$5),IF($E48=$O$7,RANDBETWEEN($O$8,$P$8),IF($E48=$O$10,RANDBETWEEN($O$11,$P$11),IF($E48=$O$13,RANDBETWEEN($O$14,$P$14),IF($E48=$O$16,RANDBETWEEN($O$17,$P$17),IF($E48=$O$19,RANDBETWEEN($O$20,$P$20),IF($E48=$O$22,RANDBETWEEN($O$23,$P$23),IF($E48=$O$25,RANDBETWEEN($O$26,$P$26),IF($E48=$O$28,RANDBETWEEN($O$29,$P$29),"0")))))))))) -> 139 | K48: =IF($E48=$O$1,RANDBETWEEN($O$2,$P$2),IF($E48=$O$4,RANDBETWEEN($O$5,$P$5),IF($E48=$O$7,RANDBETWEEN($O$8,$P$8),IF($E48=$O$10,RANDBETWEEN($O$11,$P$11),IF($E48=$O$13,RANDBETWEEN($O$14,$P$14),IF($E48=$O$16,RANDBETWEEN($O$17,$P$17),IF($E48=$O$19,RANDBETWEEN($O$20,$P$20),IF($E48=$O$22,RANDBETWEEN($O$23,$P$23),IF($E48=$O$25,RANDBETWEEN($O$26,$P$26),IF($E48=$O$28,RANDBETWEEN($O$29,$P$29),"0")))))))))) -> 139
A49: ='1 шаблон'!A98 -> 0 | B49: ='1 шаблон'!A99 -> 0 | C49: ='1 шаблон'!B98 -> 0 | D49: ='1 шаблон'!C98 -> 0 | E49: =$O$1 -> Сталь 20 | F49: =IF($E49=$O$1,RANDBETWEEN($O$2,$P$2),IF($E49=$O$4,RANDBETWEEN($O$5,$P$5),IF($E49=$O$7,RANDBETWEEN($O$8,$P$8),IF($E49=$O$10,RANDBETWEEN($O$11,$P$11),IF($E49=$O$13,RANDBETWEEN($O$14,$P$14),IF($E49=$O$16,RANDBETWEEN($O$17,$P$17),IF($E49=$O$19,RANDBETWEEN($O$20,$P$20),IF($E49=$O$22,RANDBETWEEN($O$23,$P$23),IF($E49=$O$25,RANDBETWEEN($O$26,$P$26),IF($E49=$O$28,RANDBETWEEN($O$29,$P$29),"0")))))))))) -> 153 | G49: =IF($E49=$O$1,RANDBETWEEN($O$2,$P$2),IF($E49=$O$4,RANDBETWEEN($O$5,$P$5),IF($E49=$O$7,RANDBETWEEN($O$8,$P$8),IF($E49=$O$10,RANDBETWEEN($O$11,$P$11),IF($E49=$O$13,RANDBETWEEN($O$14,$P$14),IF($E49=$O$16,RANDBETWEEN($O$17,$P$17),IF($E49=$O$19,RANDBETWEEN($O$20,$P$20),IF($E49=$O$22,RANDBETWEEN($O$23,$P$23),IF($E49=$O$25,RANDBETWEEN($O$26,$P$26),IF($E49=$O$28,RANDBETWEEN($O$29,$P$29),"0")))))))))) -> 144 | H49: =IF($E49=$O$1,RANDBETWEEN($O$2,$P$2),IF($E49=$O$4,RANDBETWEEN($O$5,$P$5),IF($E49=$O$7,RANDBETWEEN($O$8,$P$8),IF($E49=$O$10,RANDBETWEEN($O$11,$P$11),IF($E49=$O$13,RANDBETWEEN($O$14,$P$14),IF($E49=$O$16,RANDBETWEEN($O$17,$P$17),IF($E49=$O$19,RANDBETWEEN($O$20,$P$20),IF($E49=$O$22,RANDBETWEEN($O$23,$P$23),IF($E49=$O$25,RANDBETWEEN($O$26,$P$26),IF($E49=$O$28,RANDBETWEEN($O$29,$P$29),"0")))))))))) -> 152 | I49: =IF($E49=$O$1,RANDBETWEEN($O$2,$P$2),IF($E49=$O$4,RANDBETWEEN($O$5,$P$5),IF($E49=$O$7,RANDBETWEEN($O$8,$P$8),IF($E49=$O$10,RANDBETWEEN($O$11,$P$11),IF($E49=$O$13,RANDBETWEEN($O$14,$P$14),IF($E49=$O$16,RANDBETWEEN($O$17,$P$17),IF($E49=$O$19,RANDBETWEEN($O$20,$P$20),IF($E49=$O$22,RANDBETWEEN($O$23,$P$23),IF($E49=$O$25,RANDBETWEEN($O$26,$P$26),IF($E49=$O$28,RANDBETWEEN($O$29,$P$29),"0")))))))))) -> 144 | J49: =IF($E49=$O$1,RANDBETWEEN($O$2,$P$2),IF($E49=$O$4,RANDBETWEEN($O$5,$P$5),IF($E49=$O$7,RANDBETWEEN($O$8,$P$8),IF($E49=$O$10,RANDBETWEEN($O$11,$P$11),IF($E49=$O$13,RANDBETWEEN($O$14,$P$14),IF($E49=$O$16,RANDBETWEEN($O$17,$P$17),IF($E49=$O$19,RANDBETWEEN($O$20,$P$20),IF($E49=$O$22,RANDBETWEEN($O$23,$P$23),IF($E49=$O$25,RANDBETWEEN($O$26,$P$26),IF($E49=$O$28,RANDBETWEEN($O$29,$P$29),"0")))))))))) -> 149 | K49: =IF($E49=$O$1,RANDBETWEEN($O$2,$P$2),IF($E49=$O$4,RANDBETWEEN($O$5,$P$5),IF($E49=$O$7,RANDBETWEEN($O$8,$P$8),IF($E49=$O$10,RANDBETWEEN($O$11,$P$11),IF($E49=$O$13,RANDBETWEEN($O$14,$P$14),IF($E49=$O$16,RANDBETWEEN($O$17,$P$17),IF($E49=$O$19,RANDBETWEEN($O$20,$P$20),IF($E49=$O$22,RANDBETWEEN($O$23,$P$23),IF($E49=$O$25,RANDBETWEEN($O$26,$P$26),IF($E49=$O$28,RANDBETWEEN($O$29,$P$29),"0")))))))))) -> 143
A50: ='1 шаблон'!A101 -> 0 | B50: ='1 шаблон'!A102 -> 0 | C50: ='1 шаблон'!B101 -> 0 | D50: ='1 шаблон'!C101 -> 0 | E50: =$O$1 -> Сталь 20 | F50: =IF($E50=$O$1,RANDBETWEEN($O$2,$P$2),IF($E50=$O$4,RANDBETWEEN($O$5,$P$5),IF($E50=$O$7,RANDBETWEEN($O$8,$P$8),IF($E50=$O$10,RANDBETWEEN($O$11,$P$11),IF($E50=$O$13,RANDBETWEEN($O$14,$P$14),IF($E50=$O$16,RANDBETWEEN($O$17,$P$17),IF($E50=$O$19,RANDBETWEEN($O$20,$P$20),IF($E50=$O$22,RANDBETWEEN($O$23,$P$23),IF($E50=$O$25,RANDBETWEEN($O$26,$P$26),IF($E50=$O$28,RANDBETWEEN($O$29,$P$29),"0")))))))))) -> 142 | G50: =IF($E50=$O$1,RANDBETWEEN($O$2,$P$2),IF($E50=$O$4,RANDBETWEEN($O$5,$P$5),IF($E50=$O$7,RANDBETWEEN($O$8,$P$8),IF($E50=$O$10,RANDBETWEEN($O$11,$P$11),IF($E50=$O$13,RANDBETWEEN($O$14,$P$14),IF($E50=$O$16,RANDBETWEEN($O$17,$P$17),IF($E50=$O$19,RANDBETWEEN($O$20,$P$20),IF($E50=$O$22,RANDBETWEEN($O$23,$P$23),IF($E50=$O$25,RANDBETWEEN($O$26,$P$26),IF($E50=$O$28,RANDBETWEEN($O$29,$P$29),"0")))))))))) -> 145 | H50: =IF($E50=$O$1,RANDBETWEEN($O$2,$P$2),IF($E50=$O$4,RANDBETWEEN($O$5,$P$5),IF($E50=$O$7,RANDBETWEEN($O$8,$P$8),IF($E50=$O$10,RANDBETWEEN($O$11,$P$11),IF($E50=$O$13,RANDBETWEEN($O$14,$P$14),IF($E50=$O$16,RANDBETWEEN($O$17,$P$17),IF($E50=$O$19,RANDBETWEEN($O$20,$P$20),IF($E50=$O$22,RANDBETWEEN($O$23,$P$23),IF($E50=$O$25,RANDBETWEEN($O$26,$P$26),IF($E50=$O$28,RANDBETWEEN($O$29,$P$29),"0")))))))))) -> 147 | I50: =IF($E50=$O$1,RANDBETWEEN($O$2,$P$2),IF($E50=$O$4,RANDBETWEEN($O$5,$P$5),IF($E50=$O$7,RANDBETWEEN($O$8,$P$8),IF($E50=$O$10,RANDBETWEEN($O$11,$P$11),IF($E50=$O$13,RANDBETWEEN($O$14,$P$14),IF($E50=$O$16,RANDBETWEEN($O$17,$P$17),IF($E50=$O$19,RANDBETWEEN($O$20,$P$20),IF($E50=$O$22,RANDBETWEEN($O$23,$P$23),IF($E50=$O$25,RANDBETWEEN($O$26,$P$26),IF($E50=$O$28,RANDBETWEEN($O$29,$P$29),"0")))))))))) -> 150 | J50: =IF($E50=$O$1,RANDBETWEEN($O$2,$P$2),IF($E50=$O$4,RANDBETWEEN($O$5,$P$5),IF($E50=$O$7,RANDBETWEEN($O$8,$P$8),IF($E50=$O$10,RANDBETWEEN($O$11,$P$11),IF($E50=$O$13,RANDBETWEEN($O$14,$P$14),IF($E50=$O$16,RANDBETWEEN($O$17,$P$17),IF($E50=$O$19,RANDBETWEEN($O$20,$P$20),IF($E50=$O$22,RANDBETWEEN($O$23,$P$23),IF($E50=$O$25,RANDBETWEEN($O$26,$P$26),IF($E50=$O$28,RANDBETWEEN($O$29,$P$29),"0")))))))))) -> 140 | K50: =IF($E50=$O$1,RANDBETWEEN($O$2,$P$2),IF($E50=$O$4,RANDBETWEEN($O$5,$P$5),IF($E50=$O$7,RANDBETWEEN($O$8,$P$8),IF($E50=$O$10,RANDBETWEEN($O$11,$P$11),IF($E50=$O$13,RANDBETWEEN($O$14,$P$14),IF($E50=$O$16,RANDBETWEEN($O$17,$P$17),IF($E50=$O$19,RANDBETWEEN($O$20,$P$20),IF($E50=$O$22,RANDBETWEEN($O$23,$P$23),IF($E50=$O$25,RANDBETWEEN($O$26,$P$26),IF($E50=$O$28,RANDBETWEEN($O$29,$P$29),"0")))))))))) -> 153
A51: ='1 шаблон'!A104 -> 0 | B51: ='1 шаблон'!A105 -> 0 | C51: ='1 шаблон'!B104 -> 0 | D51: ='1 шаблон'!C104 -> 0 | E51: =$O$1 -> Сталь 20 | F51: =IF($E51=$O$1,RANDBETWEEN($O$2,$P$2),IF($E51=$O$4,RANDBETWEEN($O$5,$P$5),IF($E51=$O$7,RANDBETWEEN($O$8,$P$8),IF($E51=$O$10,RANDBETWEEN($O$11,$P$11),IF($E51=$O$13,RANDBETWEEN($O$14,$P$14),IF($E51=$O$16,RANDBETWEEN($O$17,$P$17),IF($E51=$O$19,RANDBETWEEN($O$20,$P$20),IF($E51=$O$22,RANDBETWEEN($O$23,$P$23),IF($E51=$O$25,RANDBETWEEN($O$26,$P$26),IF($E51=$O$28,RANDBETWEEN($O$29,$P$29),"0")))))))))) -> 149 | G51: =IF($E51=$O$1,RANDBETWEEN($O$2,$P$2),IF($E51=$O$4,RANDBETWEEN($O$5,$P$5),IF($E51=$O$7,RANDBETWEEN($O$8,$P$8),IF($E51=$O$10,RANDBETWEEN($O$11,$P$11),IF($E51=$O$13,RANDBETWEEN($O$14,$P$14),IF($E51=$O$16,RANDBETWEEN($O$17,$P$17),IF($E51=$O$19,RANDBETWEEN($O$20,$P$20),IF($E51=$O$22,RANDBETWEEN($O$23,$P$23),IF($E51=$O$25,RANDBETWEEN($O$26,$P$26),IF($E51=$O$28,RANDBETWEEN($O$29,$P$29),"0")))))))))) -> 140 | H51: =IF($E51=$O$1,RANDBETWEEN($O$2,$P$2),IF($E51=$O$4,RANDBETWEEN($O$5,$P$5),IF($E51=$O$7,RANDBETWEEN($O$8,$P$8),IF($E51=$O$10,RANDBETWEEN($O$11,$P$11),IF($E51=$O$13,RANDBETWEEN($O$14,$P$14),IF($E51=$O$16,RANDBETWEEN($O$17,$P$17),IF($E51=$O$19,RANDBETWEEN($O$20,$P$20),IF($E51=$O$22,RANDBETWEEN($O$23,$P$23),IF($E51=$O$25,RANDBETWEEN($O$26,$P$26),IF($E51=$O$28,RANDBETWEEN($O$29,$P$29),"0")))))))))) -> 140 | I51: =IF($E51=$O$1,RANDBETWEEN($O$2,$P$2),IF($E51=$O$4,RANDBETWEEN($O$5,$P$5),IF($E51=$O$7,RANDBETWEEN($O$8,$P$8),IF($E51=$O$10,RANDBETWEEN($O$11,$P$11),IF($E51=$O$13,RANDBETWEEN($O$14,$P$14),IF($E51=$O$16,RANDBETWEEN($O$17,$P$17),IF($E51=$O$19,RANDBETWEEN($O$20,$P$20),IF($E51=$O$22,RANDBETWEEN($O$23,$P$23),IF($E51=$O$25,RANDBETWEEN($O$26,$P$26),IF($E51=$O$28,RANDBETWEEN($O$29,$P$29),"0")))))))))) -> 138 | J51: =IF($E51=$O$1,RANDBETWEEN($O$2,$P$2),IF($E51=$O$4,RANDBETWEEN($O$5,$P$5),IF($E51=$O$7,RANDBETWEEN($O$8,$P$8),IF($E51=$O$10,RANDBETWEEN($O$11,$P$11),IF($E51=$O$13,RANDBETWEEN($O$14,$P$14),IF($E51=$O$16,RANDBETWEEN($O$17,$P$17),IF($E51=$O$19,RANDBETWEEN($O$20,$P$20),IF($E51=$O$22,RANDBETWEEN($O$23,$P$23),IF($E51=$O$25,RANDBETWEEN($O$26,$P$26),IF($E51=$O$28,RANDBETWEEN($O$29,$P$29),"0")))))))))) -> 142 | K51: =IF($E51=$O$1,RANDBETWEEN($O$2,$P$2),IF($E51=$O$4,RANDBETWEEN($O$5,$P$5),IF($E51=$O$7,RANDBETWEEN($O$8,$P$8),IF($E51=$O$10,RANDBETWEEN($O$11,$P$11),IF($E51=$O$13,RANDBETWEEN($O$14,$P$14),IF($E51=$O$16,RANDBETWEEN($O$17,$P$17),IF($E51=$O$19,RANDBETWEEN($O$20,$P$20),IF($E51=$O$22,RANDBETWEEN($O$23,$P$23),IF($E51=$O$25,RANDBETWEEN($O$26,$P$26),IF($E51=$O$28,RANDBETWEEN($O$29,$P$29),"0")))))))))) -> 145
A52: ='1 шаблон'!A107 -> 0 | B52: ='1 шаблон'!A108 -> 0 | C52: ='1 шаблон'!B107 -> 0 | D52: ='1 шаблон'!C107 -> 0 | E52: =$O$1 -> Сталь 20 | F52: =IF($E52=$O$1,RANDBETWEEN($O$2,$P$2),IF($E52=$O$4,RANDBETWEEN($O$5,$P$5),IF($E52=$O$7,RANDBETWEEN($O$8,$P$8),IF($E52=$O$10,RANDBETWEEN($O$11,$P$11),IF($E52=$O$13,RANDBETWEEN($O$14,$P$14),IF($E52=$O$16,RANDBETWEEN($O$17,$P$17),IF($E52=$O$19,RANDBETWEEN($O$20,$P$20),IF($E52=$O$22,RANDBETWEEN($O$23,$P$23),IF($E52=$O$25,RANDBETWEEN($O$26,$P$26),IF($E52=$O$28,RANDBETWEEN($O$29,$P$29),"0")))))))))) -> 148 | G52: =IF($E52=$O$1,RANDBETWEEN($O$2,$P$2),IF($E52=$O$4,RANDBETWEEN($O$5,$P$5),IF($E52=$O$7,RANDBETWEEN($O$8,$P$8),IF($E52=$O$10,RANDBETWEEN($O$11,$P$11),IF($E52=$O$13,RANDBETWEEN($O$14,$P$14),IF($E52=$O$16,RANDBETWEEN($O$17,$P$17),IF($E52=$O$19,RANDBETWEEN($O$20,$P$20),IF($E52=$O$22,RANDBETWEEN($O$23,$P$23),IF($E52=$O$25,RANDBETWEEN($O$26,$P$26),IF($E52=$O$28,RANDBETWEEN($O$29,$P$29),"0")))))))))) -> 139 | H52: =IF($E52=$O$1,RANDBETWEEN($O$2,$P$2),IF($E52=$O$4,RANDBETWEEN($O$5,$P$5),IF($E52=$O$7,RANDBETWEEN($O$8,$P$8),IF($E52=$O$10,RANDBETWEEN($O$11,$P$11),IF($E52=$O$13,RANDBETWEEN($O$14,$P$14),IF($E52=$O$16,RANDBETWEEN($O$17,$P$17),IF($E52=$O$19,RANDBETWEEN($O$20,$P$20),IF($E52=$O$22,RANDBETWEEN($O$23,$P$23),IF($E52=$O$25,RANDBETWEEN($O$26,$P$26),IF($E52=$O$28,RANDBETWEEN($O$29,$P$29),"0")))))))))) -> 146 | I52: =IF($E52=$O$1,RANDBETWEEN($O$2,$P$2),IF($E52=$O$4,RANDBETWEEN($O$5,$P$5),IF($E52=$O$7,RANDBETWEEN($O$8,$P$8),IF($E52=$O$10,RANDBETWEEN($O$11,$P$11),IF($E52=$O$13,RANDBETWEEN($O$14,$P$14),IF($E52=$O$16,RANDBETWEEN($O$17,$P$17),IF($E52=$O$19,RANDBETWEEN($O$20,$P$20),IF($E52=$O$22,RANDBETWEEN($O$23,$P$23),IF($E52=$O$25,RANDBETWEEN($O$26,$P$26),IF($E52=$O$28,RANDBETWEEN($O$29,$P$29),"0")))))))))) -> 146 | J52: =IF($E52=$O$1,RANDBETWEEN($O$2,$P$2),IF($E52=$O$4,RANDBETWEEN($O$5,$P$5),IF($E52=$O$7,RANDBETWEEN($O$8,$P$8),IF($E52=$O$10,RANDBETWEEN($O$11,$P$11),IF($E52=$O$13,RANDBETWEEN($O$14,$P$14),IF($E52=$O$16,RANDBETWEEN($O$17,$P$17),IF($E52=$O$19,RANDBETWEEN($O$20,$P$20),IF($E52=$O$22,RANDBETWEEN($O$23,$P$23),IF($E52=$O$25,RANDBETWEEN($O$26,$P$26),IF($E52=$O$28,RANDBETWEEN($O$29,$P$29),"0")))))))))) -> 138 | K52: =IF($E52=$O$1,RANDBETWEEN($O$2,$P$2),IF($E52=$O$4,RANDBETWEEN($O$5,$P$5),IF($E52=$O$7,RANDBETWEEN($O$8,$P$8),IF($E52=$O$10,RANDBETWEEN($O$11,$P$11),IF($E52=$O$13,RANDBETWEEN($O$14,$P$14),IF($E52=$O$16,RANDBETWEEN($O$17,$P$17),IF($E52=$O$19,RANDBETWEEN($O$20,$P$20),IF($E52=$O$22,RANDBETWEEN($O$23,$P$23),IF($E52=$O$25,RANDBETWEEN($O$26,$P$26),IF($E52=$O$28,RANDBETWEEN($O$29,$P$29),"0")))))))))) -> 153
A53: ='1 шаблон'!A110 -> 0 | B53: ='1 шаблон'!A111 -> 0 | C53: ='1 шаблон'!B110 -> 0 | D53: ='1 шаблон'!C110 -> 0 | E53: =$O$1 -> Сталь 20 | F53: =IF($E53=$O$1,RANDBETWEEN($O$2,$P$2),IF($E53=$O$4,RANDBETWEEN($O$5,$P$5),IF($E53=$O$7,RANDBETWEEN($O$8,$P$8),IF($E53=$O$10,RANDBETWEEN($O$11,$P$11),IF($E53=$O$13,RANDBETWEEN($O$14,$P$14),IF($E53=$O$16,RANDBETWEEN($O$17,$P$17),IF($E53=$O$19,RANDBETWEEN($O$20,$P$20),IF($E53=$O$22,RANDBETWEEN($O$23,$P$23),IF($E53=$O$25,RANDBETWEEN($O$26,$P$26),IF($E53=$O$28,RANDBETWEEN($O$29,$P$29),"0")))))))))) -> 145 | G53: =IF($E53=$O$1,RANDBETWEEN($O$2,$P$2),IF($E53=$O$4,RANDBETWEEN($O$5,$P$5),IF($E53=$O$7,RANDBETWEEN($O$8,$P$8),IF($E53=$O$10,RANDBETWEEN($O$11,$P$11),IF($E53=$O$13,RANDBETWEEN($O$14,$P$14),IF($E53=$O$16,RANDBETWEEN($O$17,$P$17),IF($E53=$O$19,RANDBETWEEN($O$20,$P$20),IF($E53=$O$22,RANDBETWEEN($O$23,$P$23),IF($E53=$O$25,RANDBETWEEN($O$26,$P$26),IF($E53=$O$28,RANDBETWEEN($O$29,$P$29),"0")))))))))) -> 153 | H53: =IF($E53=$O$1,RANDBETWEEN($O$2,$P$2),IF($E53=$O$4,RANDBETWEEN($O$5,$P$5),IF($E53=$O$7,RANDBETWEEN($O$8,$P$8),IF($E53=$O$10,RANDBETWEEN($O$11,$P$11),IF($E53=$O$13,RANDBETWEEN($O$14,$P$14),IF($E53=$O$16,RANDBETWEEN($O$17,$P$17),IF($E53=$O$19,RANDBETWEEN($O$20,$P$20),IF($E53=$O$22,RANDBETWEEN($O$23,$P$23),IF($E53=$O$25,RANDBETWEEN($O$26,$P$26),IF($E53=$O$28,RANDBETWEEN($O$29,$P$29),"0")))))))))) -> 146 | I53: =IF($E53=$O$1,RANDBETWEEN($O$2,$P$2),IF($E53=$O$4,RANDBETWEEN($O$5,$P$5),IF($E53=$O$7,RANDBETWEEN($O$8,$P$8),IF($E53=$O$10,RANDBETWEEN($O$11,$P$11),IF($E53=$O$13,RANDBETWEEN($O$14,$P$14),IF($E53=$O$16,RANDBETWEEN($O$17,$P$17),IF($E53=$O$19,RANDBETWEEN($O$20,$P$20),IF($E53=$O$22,RANDBETWEEN($O$23,$P$23),IF($E53=$O$25,RANDBETWEEN($O$26,$P$26),IF($E53=$O$28,RANDBETWEEN($O$29,$P$29),"0")))))))))) -> 147 | J53: =IF($E53=$O$1,RANDBETWEEN($O$2,$P$2),IF($E53=$O$4,RANDBETWEEN($O$5,$P$5),IF($E53=$O$7,RANDBETWEEN($O$8,$P$8),IF($E53=$O$10,RANDBETWEEN($O$11,$P$11),IF($E53=$O$13,RANDBETWEEN($O$14,$P$14),IF($E53=$O$16,RANDBETWEEN($O$17,$P$17),IF($E53=$O$19,RANDBETWEEN($O$20,$P$20),IF($E53=$O$22,RANDBETWEEN($O$23,$P$23),IF($E53=$O$25,RANDBETWEEN($O$26,$P$26),IF($E53=$O$28,RANDBETWEEN($O$29,$P$29),"0")))))))))) -> 153 | K53: =IF($E53=$O$1,RANDBETWEEN($O$2,$P$2),IF($E53=$O$4,RANDBETWEEN($O$5,$P$5),IF($E53=$O$7,RANDBETWEEN($O$8,$P$8),IF($E53=$O$10,RANDBETWEEN($O$11,$P$11),IF($E53=$O$13,RANDBETWEEN($O$14,$P$14),IF($E53=$O$16,RANDBETWEEN($O$17,$P$17),IF($E53=$O$19,RANDBETWEEN($O$20,$P$20),IF($E53=$O$22,RANDBETWEEN($O$23,$P$23),IF($E53=$O$25,RANDBETWEEN($O$26,$P$26),IF($E53=$O$28,RANDBETWEEN($O$29,$P$29),"0")))))))))) -> 138
A54: ='1 шаблон'!A113 -> 0 | B54: ='1 шаблон'!A114 -> 0 | C54: ='1 шаблон'!B113 -> 0 | D54: ='1 шаблон'!C113 -> 0 | E54: =$O$1 -> Сталь 20 | F54: =IF($E54=$O$1,RANDBETWEEN($O$2,$P$2),IF($E54=$O$4,RANDBETWEEN($O$5,$P$5),IF($E54=$O$7,RANDBETWEEN($O$8,$P$8),IF($E54=$O$10,RANDBETWEEN($O$11,$P$11),IF($E54=$O$13,RANDBETWEEN($O$14,$P$14),IF($E54=$O$16,RANDBETWEEN($O$17,$P$17),IF($E54=$O$19,RANDBETWEEN($O$20,$P$20),IF($E54=$O$22,RANDBETWEEN($O$23,$P$23),IF($E54=$O$25,RANDBETWEEN($O$26,$P$26),IF($E54=$O$28,RANDBETWEEN($O$29,$P$29),"0")))))))))) -> 147 | G54: =IF($E54=$O$1,RANDBETWEEN($O$2,$P$2),IF($E54=$O$4,RANDBETWEEN($O$5,$P$5),IF($E54=$O$7,RANDBETWEEN($O$8,$P$8),IF($E54=$O$10,RANDBETWEEN($O$11,$P$11),IF($E54=$O$13,RANDBETWEEN($O$14,$P$14),IF($E54=$O$16,RANDBETWEEN($O$17,$P$17),IF($E54=$O$19,RANDBETWEEN($O$20,$P$20),IF($E54=$O$22,RANDBETWEEN($O$23,$P$23),IF($E54=$O$25,RANDBETWEEN($O$26,$P$26),IF($E54=$O$28,RANDBETWEEN($O$29,$P$29),"0")))))))))) -> 137 | H54: =IF($E54=$O$1,RANDBETWEEN($O$2,$P$2),IF($E54=$O$4,RANDBETWEEN($O$5,$P$5),IF($E54=$O$7,RANDBETWEEN($O$8,$P$8),IF($E54=$O$10,RANDBETWEEN($O$11,$P$11),IF($E54=$O$13,RANDBETWEEN($O$14,$P$14),IF($E54=$O$16,RANDBETWEEN($O$17,$P$17),IF($E54=$O$19,RANDBETWEEN($O$20,$P$20),IF($E54=$O$22,RANDBETWEEN($O$23,$P$23),IF($E54=$O$25,RANDBETWEEN($O$26,$P$26),IF($E54=$O$28,RANDBETWEEN($O$29,$P$29),"0")))))))))) -> 141 | I54: =IF($E54=$O$1,RANDBETWEEN($O$2,$P$2),IF($E54=$O$4,RANDBETWEEN($O$5,$P$5),IF($E54=$O$7,RANDBETWEEN($O$8,$P$8),IF($E54=$O$10,RANDBETWEEN($O$11,$P$11),IF($E54=$O$13,RANDBETWEEN($O$14,$P$14),IF($E54=$O$16,RANDBETWEEN($O$17,$P$17),IF($E54=$O$19,RANDBETWEEN($O$20,$P$20),IF($E54=$O$22,RANDBETWEEN($O$23,$P$23),IF($E54=$O$25,RANDBETWEEN($O$26,$P$26),IF($E54=$O$28,RANDBETWEEN($O$29,$P$29),"0")))))))))) -> 140 | J54: =IF($E54=$O$1,RANDBETWEEN($O$2,$P$2),IF($E54=$O$4,RANDBETWEEN($O$5,$P$5),IF($E54=$O$7,RANDBETWEEN($O$8,$P$8),IF($E54=$O$10,RANDBETWEEN($O$11,$P$11),IF($E54=$O$13,RANDBETWEEN($O$14,$P$14),IF($E54=$O$16,RANDBETWEEN($O$17,$P$17),IF($E54=$O$19,RANDBETWEEN($O$20,$P$20),IF($E54=$O$22,RANDBETWEEN($O$23,$P$23),IF($E54=$O$25,RANDBETWEEN($O$26,$P$26),IF($E54=$O$28,RANDBETWEEN($O$29,$P$29),"0")))))))))) -> 153 | K54: =IF($E54=$O$1,RANDBETWEEN($O$2,$P$2),IF($E54=$O$4,RANDBETWEEN($O$5,$P$5),IF($E54=$O$7,RANDBETWEEN($O$8,$P$8),IF($E54=$O$10,RANDBETWEEN($O$11,$P$11),IF($E54=$O$13,RANDBETWEEN($O$14,$P$14),IF($E54=$O$16,RANDBETWEEN($O$17,$P$17),IF($E54=$O$19,RANDBETWEEN($O$20,$P$20),IF($E54=$O$22,RANDBETWEEN($O$23,$P$23),IF($E54=$O$25,RANDBETWEEN($O$26,$P$26),IF($E54=$O$28,RANDBETWEEN($O$29,$P$29),"0")))))))))) -> 143
A55: ='1 шаблон'!A116 -> 0 | B55: ='1 шаблон'!A117 -> 0 | C55: ='1 шаблон'!B116 -> 0 | D55: ='1 шаблон'!C116 -> 0 | E55: =$O$1 -> Сталь 20 | F55: =IF($E55=$O$1,RANDBETWEEN($O$2,$P$2),IF($E55=$O$4,RANDBETWEEN($O$5,$P$5),IF($E55=$O$7,RANDBETWEEN($O$8,$P$8),IF($E55=$O$10,RANDBETWEEN($O$11,$P$11),IF($E55=$O$13,RANDBETWEEN($O$14,$P$14),IF($E55=$O$16,RANDBETWEEN($O$17,$P$17),IF($E55=$O$19,RANDBETWEEN($O$20,$P$20),IF($E55=$O$22,RANDBETWEEN($O$23,$P$23),IF($E55=$O$25,RANDBETWEEN($O$26,$P$26),IF($E55=$O$28,RANDBETWEEN($O$29,$P$29),"0")))))))))) -> 149 | G55: =IF($E55=$O$1,RANDBETWEEN($O$2,$P$2),IF($E55=$O$4,RANDBETWEEN($O$5,$P$5),IF($E55=$O$7,RANDBETWEEN($O$8,$P$8),IF($E55=$O$10,RANDBETWEEN($O$11,$P$11),IF($E55=$O$13,RANDBETWEEN($O$14,$P$14),IF($E55=$O$16,RANDBETWEEN($O$17,$P$17),IF($E55=$O$19,RANDBETWEEN($O$20,$P$20),IF($E55=$O$22,RANDBETWEEN($O$23,$P$23),IF($E55=$O$25,RANDBETWEEN($O$26,$P$26),IF($E55=$O$28,RANDBETWEEN($O$29,$P$29),"0")))))))))) -> 144 | H55: =IF($E55=$O$1,RANDBETWEEN($O$2,$P$2),IF($E55=$O$4,RANDBETWEEN($O$5,$P$5),IF($E55=$O$7,RANDBETWEEN($O$8,$P$8),IF($E55=$O$10,RANDBETWEEN($O$11,$P$11),IF($E55=$O$13,RANDBETWEEN($O$14,$P$14),IF($E55=$O$16,RANDBETWEEN($O$17,$P$17),IF($E55=$O$19,RANDBETWEEN($O$20,$P$20),IF($E55=$O$22,RANDBETWEEN($O$23,$P$23),IF($E55=$O$25,RANDBETWEEN($O$26,$P$26),IF($E55=$O$28,RANDBETWEEN($O$29,$P$29),"0")))))))))) -> 138 | I55: =IF($E55=$O$1,RANDBETWEEN($O$2,$P$2),IF($E55=$O$4,RANDBETWEEN($O$5,$P$5),IF($E55=$O$7,RANDBETWEEN($O$8,$P$8),IF($E55=$O$10,RANDBETWEEN($O$11,$P$11),IF($E55=$O$13,RANDBETWEEN($O$14,$P$14),IF($E55=$O$16,RANDBETWEEN($O$17,$P$17),IF($E55=$O$19,RANDBETWEEN($O$20,$P$20),IF($E55=$O$22,RANDBETWEEN($O$23,$P$23),IF($E55=$O$25,RANDBETWEEN($O$26,$P$26),IF($E55=$O$28,RANDBETWEEN($O$29,$P$29),"0")))))))))) -> 141 | J55: =IF($E55=$O$1,RANDBETWEEN($O$2,$P$2),IF($E55=$O$4,RANDBETWEEN($O$5,$P$5),IF($E55=$O$7,RANDBETWEEN($O$8,$P$8),IF($E55=$O$10,RANDBETWEEN($O$11,$P$11),IF($E55=$O$13,RANDBETWEEN($O$14,$P$14),IF($E55=$O$16,RANDBETWEEN($O$17,$P$17),IF($E55=$O$19,RANDBETWEEN($O$20,$P$20),IF($E55=$O$22,RANDBETWEEN($O$23,$P$23),IF($E55=$O$25,RANDBETWEEN($O$26,$P$26),IF($E55=$O$28,RANDBETWEEN($O$29,$P$29),"0")))))))))) -> 139 | K55: =IF($E55=$O$1,RANDBETWEEN($O$2,$P$2),IF($E55=$O$4,RANDBETWEEN($O$5,$P$5),IF($E55=$O$7,RANDBETWEEN($O$8,$P$8),IF($E55=$O$10,RANDBETWEEN($O$11,$P$11),IF($E55=$O$13,RANDBETWEEN($O$14,$P$14),IF($E55=$O$16,RANDBETWEEN($O$17,$P$17),IF($E55=$O$19,RANDBETWEEN($O$20,$P$20),IF($E55=$O$22,RANDBETWEEN($O$23,$P$23),IF($E55=$O$25,RANDBETWEEN($O$26,$P$26),IF($E55=$O$28,RANDBETWEEN($O$29,$P$29),"0")))))))))) -> 150
A56: ='1 шаблон'!A119 -> 0 | B56: ='1 шаблон'!A120 -> 0 | C56: ='1 шаблон'!B119 -> 0 | D56: ='1 шаблон'!C119 -> 0 | E56: =$O$1 -> Сталь 20 | F56: =IF($E56=$O$1,RANDBETWEEN($O$2,$P$2),IF($E56=$O$4,RANDBETWEEN($O$5,$P$5),IF($E56=$O$7,RANDBETWEEN($O$8,$P$8),IF($E56=$O$10,RANDBETWEEN($O$11,$P$11),IF($E56=$O$13,RANDBETWEEN($O$14,$P$14),IF($E56=$O$16,RANDBETWEEN($O$17,$P$17),IF($E56=$O$19,RANDBETWEEN($O$20,$P$20),IF($E56=$O$22,RANDBETWEEN($O$23,$P$23),IF($E56=$O$25,RANDBETWEEN($O$26,$P$26),IF($E56=$O$28,RANDBETWEEN($O$29,$P$29),"0")))))))))) -> 143 | G56: =IF($E56=$O$1,RANDBETWEEN($O$2,$P$2),IF($E56=$O$4,RANDBETWEEN($O$5,$P$5),IF($E56=$O$7,RANDBETWEEN($O$8,$P$8),IF($E56=$O$10,RANDBETWEEN($O$11,$P$11),IF($E56=$O$13,RANDBETWEEN($O$14,$P$14),IF($E56=$O$16,RANDBETWEEN($O$17,$P$17),IF($E56=$O$19,RANDBETWEEN($O$20,$P$20),IF($E56=$O$22,RANDBETWEEN($O$23,$P$23),IF($E56=$O$25,RANDBETWEEN($O$26,$P$26),IF($E56=$O$28,RANDBETWEEN($O$29,$P$29),"0")))))))))) -> 141 | H56: =IF($E56=$O$1,RANDBETWEEN($O$2,$P$2),IF($E56=$O$4,RANDBETWEEN($O$5,$P$5),IF($E56=$O$7,RANDBETWEEN($O$8,$P$8),IF($E56=$O$10,RANDBETWEEN($O$11,$P$11),IF($E56=$O$13,RANDBETWEEN($O$14,$P$14),IF($E56=$O$16,RANDBETWEEN($O$17,$P$17),IF($E56=$O$19,RANDBETWEEN($O$20,$P$20),IF($E56=$O$22,RANDBETWEEN($O$23,$P$23),IF($E56=$O$25,RANDBETWEEN($O$26,$P$26),IF($E56=$O$28,RANDBETWEEN($O$29,$P$29),"0")))))))))) -> 137 | I56: =IF($E56=$O$1,RANDBETWEEN($O$2,$P$2),IF($E56=$O$4,RANDBETWEEN($O$5,$P$5),IF($E56=$O$7,RANDBETWEEN($O$8,$P$8),IF($E56=$O$10,RANDBETWEEN($O$11,$P$11),IF($E56=$O$13,RANDBETWEEN($O$14,$P$14),IF($E56=$O$16,RANDBETWEEN($O$17,$P$17),IF($E56=$O$19,RANDBETWEEN($O$20,$P$20),IF($E56=$O$22,RANDBETWEEN($O$23,$P$23),IF($E56=$O$25,RANDBETWEEN($O$26,$P$26),IF($E56=$O$28,RANDBETWEEN($O$29,$P$29),"0")))))))))) -> 141 | J56: =IF($E56=$O$1,RANDBETWEEN($O$2,$P$2),IF($E56=$O$4,RANDBETWEEN($O$5,$P$5),IF($E56=$O$7,RANDBETWEEN($O$8,$P$8),IF($E56=$O$10,RANDBETWEEN($O$11,$P$11),IF($E56=$O$13,RANDBETWEEN($O$14,$P$14),IF($E56=$O$16,RANDBETWEEN($O$17,$P$17),IF($E56=$O$19,RANDBETWEEN($O$20,$P$20),IF($E56=$O$22,RANDBETWEEN($O$23,$P$23),IF($E56=$O$25,RANDBETWEEN($O$26,$P$26),IF($E56=$O$28,RANDBETWEEN($O$29,$P$29),"0")))))))))) -> 144 | K56: =IF($E56=$O$1,RANDBETWEEN($O$2,$P$2),IF($E56=$O$4,RANDBETWEEN($O$5,$P$5),IF($E56=$O$7,RANDBETWEEN($O$8,$P$8),IF($E56=$O$10,RANDBETWEEN($O$11,$P$11),IF($E56=$O$13,RANDBETWEEN($O$14,$P$14),IF($E56=$O$16,RANDBETWEEN($O$17,$P$17),IF($E56=$O$19,RANDBETWEEN($O$20,$P$20),IF($E56=$O$22,RANDBETWEEN($O$23,$P$23),IF($E56=$O$25,RANDBETWEEN($O$26,$P$26),IF($E56=$O$28,RANDBETWEEN($O$29,$P$29),"0")))))))))) -> 151
A57: ='1 шаблон'!A122 -> 0 | B57: ='1 шаблон'!A123 -> 0 | C57: ='1 шаблон'!B122 -> 0 | D57: ='1 шаблон'!C122 -> 0 | E57: =$O$1 -> Сталь 20 | F57: =IF($E57=$O$1,RANDBETWEEN($O$2,$P$2),IF($E57=$O$4,RANDBETWEEN($O$5,$P$5),IF($E57=$O$7,RANDBETWEEN($O$8,$P$8),IF($E57=$O$10,RANDBETWEEN($O$11,$P$11),IF($E57=$O$13,RANDBETWEEN($O$14,$P$14),IF($E57=$O$16,RANDBETWEEN($O$17,$P$17),IF($E57=$O$19,RANDBETWEEN($O$20,$P$20),IF($E57=$O$22,RANDBETWEEN($O$23,$P$23),IF($E57=$O$25,RANDBETWEEN($O$26,$P$26),IF($E57=$O$28,RANDBETWEEN($O$29,$P$29),"0")))))))))) -> 147 | G57: =IF($E57=$O$1,RANDBETWEEN($O$2,$P$2),IF($E57=$O$4,RANDBETWEEN($O$5,$P$5),IF($E57=$O$7,RANDBETWEEN($O$8,$P$8),IF($E57=$O$10,RANDBETWEEN($O$11,$P$11),IF($E57=$O$13,RANDBETWEEN($O$14,$P$14),IF($E57=$O$16,RANDBETWEEN($O$17,$P$17),IF($E57=$O$19,RANDBETWEEN($O$20,$P$20),IF($E57=$O$22,RANDBETWEEN($O$23,$P$23),IF($E57=$O$25,RANDBETWEEN($O$26,$P$26),IF($E57=$O$28,RANDBETWEEN($O$29,$P$29),"0")))))))))) -> 149 | H57: =IF($E57=$O$1,RANDBETWEEN($O$2,$P$2),IF($E57=$O$4,RANDBETWEEN($O$5,$P$5),IF($E57=$O$7,RANDBETWEEN($O$8,$P$8),IF($E57=$O$10,RANDBETWEEN($O$11,$P$11),IF($E57=$O$13,RANDBETWEEN($O$14,$P$14),IF($E57=$O$16,RANDBETWEEN($O$17,$P$17),IF($E57=$O$19,RANDBETWEEN($O$20,$P$20),IF($E57=$O$22,RANDBETWEEN($O$23,$P$23),IF($E57=$O$25,RANDBETWEEN($O$26,$P$26),IF($E57=$O$28,RANDBETWEEN($O$29,$P$29),"0")))))))))) -> 143 | I57: =IF($E57=$O$1,RANDBETWEEN($O$2,$P$2),IF($E57=$O$4,RANDBETWEEN($O$5,$P$5),IF($E57=$O$7,RANDBETWEEN($O$8,$P$8),IF($E57=$O$10,RANDBETWEEN($O$11,$P$11),IF($E57=$O$13,RANDBETWEEN($O$14,$P$14),IF($E57=$O$16,RANDBETWEEN($O$17,$P$17),IF($E57=$O$19,RANDBETWEEN($O$20,$P$20),IF($E57=$O$22,RANDBETWEEN($O$23,$P$23),IF($E57=$O$25,RANDBETWEEN($O$26,$P$26),IF($E57=$O$28,RANDBETWEEN($O$29,$P$29),"0")))))))))) -> 153 | J57: =IF($E57=$O$1,RANDBETWEEN($O$2,$P$2),IF($E57=$O$4,RANDBETWEEN($O$5,$P$5),IF($E57=$O$7,RANDBETWEEN($O$8,$P$8),IF($E57=$O$10,RANDBETWEEN($O$11,$P$11),IF($E57=$O$13,RANDBETWEEN($O$14,$P$14),IF($E57=$O$16,RANDBETWEEN($O$17,$P$17),IF($E57=$O$19,RANDBETWEEN($O$20,$P$20),IF($E57=$O$22,RANDBETWEEN($O$23,$P$23),IF($E57=$O$25,RANDBETWEEN($O$26,$P$26),IF($E57=$O$28,RANDBETWEEN($O$29,$P$29),"0")))))))))) -> 142 | K57: =IF($E57=$O$1,RANDBETWEEN($O$2,$P$2),IF($E57=$O$4,RANDBETWEEN($O$5,$P$5),IF($E57=$O$7,RANDBETWEEN($O$8,$P$8),IF($E57=$O$10,RANDBETWEEN($O$11,$P$11),IF($E57=$O$13,RANDBETWEEN($O$14,$P$14),IF($E57=$O$16,RANDBETWEEN($O$17,$P$17),IF($E57=$O$19,RANDBETWEEN($O$20,$P$20),IF($E57=$O$22,RANDBETWEEN($O$23,$P$23),IF($E57=$O$25,RANDBETWEEN($O$26,$P$26),IF($E57=$O$28,RANDBETWEEN($O$29,$P$29),"0")))))))))) -> 145
A58: ='1 шаблон'!A125 -> 0 | B58: ='1 шаблон'!A126 -> 0 | C58: ='1 шаблон'!B125 -> 0 | D58: ='1 шаблон'!C125 -> 0 | E58: =$O$1 -> Сталь 20 | F58: =IF($E58=$O$1,RANDBETWEEN($O$2,$P$2),IF($E58=$O$4,RANDBETWEEN($O$5,$P$5),IF($E58=$O$7,RANDBETWEEN($O$8,$P$8),IF($E58=$O$10,RANDBETWEEN($O$11,$P$11),IF($E58=$O$13,RANDBETWEEN($O$14,$P$14),IF($E58=$O$16,RANDBETWEEN($O$17,$P$17),IF($E58=$O$19,RANDBETWEEN($O$20,$P$20),IF($E58=$O$22,RANDBETWEEN($O$23,$P$23),IF($E58=$O$25,RANDBETWEEN($O$26,$P$26),IF($E58=$O$28,RANDBETWEEN($O$29,$P$29),"0")))))))))) -> 139 | G58: =IF($E58=$O$1,RANDBETWEEN($O$2,$P$2),IF($E58=$O$4,RANDBETWEEN($O$5,$P$5),IF($E58=$O$7,RANDBETWEEN($O$8,$P$8),IF($E58=$O$10,RANDBETWEEN($O$11,$P$11),IF($E58=$O$13,RANDBETWEEN($O$14,$P$14),IF($E58=$O$16,RANDBETWEEN($O$17,$P$17),IF($E58=$O$19,RANDBETWEEN($O$20,$P$20),IF($E58=$O$22,RANDBETWEEN($O$23,$P$23),IF($E58=$O$25,RANDBETWEEN($O$26,$P$26),IF($E58=$O$28,RANDBETWEEN($O$29,$P$29),"0")))))))))) -> 148 | H58: =IF($E58=$O$1,RANDBETWEEN($O$2,$P$2),IF($E58=$O$4,RANDBETWEEN($O$5,$P$5),IF($E58=$O$7,RANDBETWEEN($O$8,$P$8),IF($E58=$O$10,RANDBETWEEN($O$11,$P$11),IF($E58=$O$13,RANDBETWEEN($O$14,$P$14),IF($E58=$O$16,RANDBETWEEN($O$17,$P$17),IF($E58=$O$19,RANDBETWEEN($O$20,$P$20),IF($E58=$O$22,RANDBETWEEN($O$23,$P$23),IF($E58=$O$25,RANDBETWEEN($O$26,$P$26),IF($E58=$O$28,RANDBETWEEN($O$29,$P$29),"0")))))))))) -> 148 | I58: =IF($E58=$O$1,RANDBETWEEN($O$2,$P$2),IF($E58=$O$4,RANDBETWEEN($O$5,$P$5),IF($E58=$O$7,RANDBETWEEN($O$8,$P$8),IF($E58=$O$10,RANDBETWEEN($O$11,$P$11),IF($E58=$O$13,RANDBETWEEN($O$14,$P$14),IF($E58=$O$16,RANDBETWEEN($O$17,$P$17),IF($E58=$O$19,RANDBETWEEN($O$20,$P$20),IF($E58=$O$22,RANDBETWEEN($O$23,$P$23),IF($E58=$O$25,RANDBETWEEN($O$26,$P$26),IF($E58=$O$28,RANDBETWEEN($O$29,$P$29),"0")))))))))) -> 150 | J58: =IF($E58=$O$1,RANDBETWEEN($O$2,$P$2),IF($E58=$O$4,RANDBETWEEN($O$5,$P$5),IF($E58=$O$7,RANDBETWEEN($O$8,$P$8),IF($E58=$O$10,RANDBETWEEN($O$11,$P$11),IF($E58=$O$13,RANDBETWEEN($O$14,$P$14),IF($E58=$O$16,RANDBETWEEN($O$17,$P$17),IF($E58=$O$19,RANDBETWEEN($O$20,$P$20),IF($E58=$O$22,RANDBETWEEN($O$23,$P$23),IF($E58=$O$25,RANDBETWEEN($O$26,$P$26),IF($E58=$O$28,RANDBETWEEN($O$29,$P$29),"0")))))))))) -> 148 | K58: =IF($E58=$O$1,RANDBETWEEN($O$2,$P$2),IF($E58=$O$4,RANDBETWEEN($O$5,$P$5),IF($E58=$O$7,RANDBETWEEN($O$8,$P$8),IF($E58=$O$10,RANDBETWEEN($O$11,$P$11),IF($E58=$O$13,RANDBETWEEN($O$14,$P$14),IF($E58=$O$16,RANDBETWEEN($O$17,$P$17),IF($E58=$O$19,RANDBETWEEN($O$20,$P$20),IF($E58=$O$22,RANDBETWEEN($O$23,$P$23),IF($E58=$O$25,RANDBETWEEN($O$26,$P$26),IF($E58=$O$28,RANDBETWEEN($O$29,$P$29),"0")))))))))) -> 148
A59: ='1 шаблон'!A128 -> 0 | B59: ='1 шаблон'!A129 -> 0 | C59: ='1 шаблон'!B128 -> 0 | D59: ='1 шаблон'!C128 -> 0 | E59: =$O$1 -> Сталь 20 | F59: =IF($E59=$O$1,RANDBETWEEN($O$2,$P$2),IF($E59=$O$4,RANDBETWEEN($O$5,$P$5),IF($E59=$O$7,RANDBETWEEN($O$8,$P$8),IF($E59=$O$10,RANDBETWEEN($O$11,$P$11),IF($E59=$O$13,RANDBETWEEN($O$14,$P$14),IF($E59=$O$16,RANDBETWEEN($O$17,$P$17),IF($E59=$O$19,RANDBETWEEN($O$20,$P$20),IF($E59=$O$22,RANDBETWEEN($O$23,$P$23),IF($E59=$O$25,RANDBETWEEN($O$26,$P$26),IF($E59=$O$28,RANDBETWEEN($O$29,$P$29),"0")))))))))) -> 150 | G59: =IF($E59=$O$1,RANDBETWEEN($O$2,$P$2),IF($E59=$O$4,RANDBETWEEN($O$5,$P$5),IF($E59=$O$7,RANDBETWEEN($O$8,$P$8),IF($E59=$O$10,RANDBETWEEN($O$11,$P$11),IF($E59=$O$13,RANDBETWEEN($O$14,$P$14),IF($E59=$O$16,RANDBETWEEN($O$17,$P$17),IF($E59=$O$19,RANDBETWEEN($O$20,$P$20),IF($E59=$O$22,RANDBETWEEN($O$23,$P$23),IF($E59=$O$25,RANDBETWEEN($O$26,$P$26),IF($E59=$O$28,RANDBETWEEN($O$29,$P$29),"0")))))))))) -> 150 | H59: =IF($E59=$O$1,RANDBETWEEN($O$2,$P$2),IF($E59=$O$4,RANDBETWEEN($O$5,$P$5),IF($E59=$O$7,RANDBETWEEN($O$8,$P$8),IF($E59=$O$10,RANDBETWEEN($O$11,$P$11),IF($E59=$O$13,RANDBETWEEN($O$14,$P$14),IF($E59=$O$16,RANDBETWEEN($O$17,$P$17),IF($E59=$O$19,RANDBETWEEN($O$20,$P$20),IF($E59=$O$22,RANDBETWEEN($O$23,$P$23),IF($E59=$O$25,RANDBETWEEN($O$26,$P$26),IF($E59=$O$28,RANDBETWEEN($O$29,$P$29),"0")))))))))) -> 152 | I59: =IF($E59=$O$1,RANDBETWEEN($O$2,$P$2),IF($E59=$O$4,RANDBETWEEN($O$5,$P$5),IF($E59=$O$7,RANDBETWEEN($O$8,$P$8),IF($E59=$O$10,RANDBETWEEN($O$11,$P$11),IF($E59=$O$13,RANDBETWEEN($O$14,$P$14),IF($E59=$O$16,RANDBETWEEN($O$17,$P$17),IF($E59=$O$19,RANDBETWEEN($O$20,$P$20),IF($E59=$O$22,RANDBETWEEN($O$23,$P$23),IF($E59=$O$25,RANDBETWEEN($O$26,$P$26),IF($E59=$O$28,RANDBETWEEN($O$29,$P$29),"0")))))))))) -> 152 | J59: =IF($E59=$O$1,RANDBETWEEN($O$2,$P$2),IF($E59=$O$4,RANDBETWEEN($O$5,$P$5),IF($E59=$O$7,RANDBETWEEN($O$8,$P$8),IF($E59=$O$10,RANDBETWEEN($O$11,$P$11),IF($E59=$O$13,RANDBETWEEN($O$14,$P$14),IF($E59=$O$16,RANDBETWEEN($O$17,$P$17),IF($E59=$O$19,RANDBETWEEN($O$20,$P$20),IF($E59=$O$22,RANDBETWEEN($O$23,$P$23),IF($E59=$O$25,RANDBETWEEN($O$26,$P$26),IF($E59=$O$28,RANDBETWEEN($O$29,$P$29),"0")))))))))) -> 150 | K59: =IF($E59=$O$1,RANDBETWEEN($O$2,$P$2),IF($E59=$O$4,RANDBETWEEN($O$5,$P$5),IF($E59=$O$7,RANDBETWEEN($O$8,$P$8),IF($E59=$O$10,RANDBETWEEN($O$11,$P$11),IF($E59=$O$13,RANDBETWEEN($O$14,$P$14),IF($E59=$O$16,RANDBETWEEN($O$17,$P$17),IF($E59=$O$19,RANDBETWEEN($O$20,$P$20),IF($E59=$O$22,RANDBETWEEN($O$23,$P$23),IF($E59=$O$25,RANDBETWEEN($O$26,$P$26),IF($E59=$O$28,RANDBETWEEN($O$29,$P$29),"0")))))))))) -> 142
A60: ='1 шаблон'!A131 -> 0 | B60: ='1 шаблон'!A132 -> 0 | C60: ='1 шаблон'!B131 -> 0 | D60: ='1 шаблон'!C131 -> 0 | E60: =$O$1 -> Сталь 20 | F60: =IF($E60=$O$1,RANDBETWEEN($O$2,$P$2),IF($E60=$O$4,RANDBETWEEN($O$5,$P$5),IF($E60=$O$7,RANDBETWEEN($O$8,$P$8),IF($E60=$O$10,RANDBETWEEN($O$11,$P$11),IF($E60=$O$13,RANDBETWEEN($O$14,$P$14),IF($E60=$O$16,RANDBETWEEN($O$17,$P$17),IF($E60=$O$19,RANDBETWEEN($O$20,$P$20),IF($E60=$O$22,RANDBETWEEN($O$23,$P$23),IF($E60=$O$25,RANDBETWEEN($O$26,$P$26),IF($E60=$O$28,RANDBETWEEN($O$29,$P$29),"0")))))))))) -> 144 | G60: =IF($E60=$O$1,RANDBETWEEN($O$2,$P$2),IF($E60=$O$4,RANDBETWEEN($O$5,$P$5),IF($E60=$O$7,RANDBETWEEN($O$8,$P$8),IF($E60=$O$10,RANDBETWEEN($O$11,$P$11),IF($E60=$O$13,RANDBETWEEN($O$14,$P$14),IF($E60=$O$16,RANDBETWEEN($O$17,$P$17),IF($E60=$O$19,RANDBETWEEN($O$20,$P$20),IF($E60=$O$22,RANDBETWEEN($O$23,$P$23),IF($E60=$O$25,RANDBETWEEN($O$26,$P$26),IF($E60=$O$28,RANDBETWEEN($O$29,$P$29),"0")))))))))) -> 149 | H60: =IF($E60=$O$1,RANDBETWEEN($O$2,$P$2),IF($E60=$O$4,RANDBETWEEN($O$5,$P$5),IF($E60=$O$7,RANDBETWEEN($O$8,$P$8),IF($E60=$O$10,RANDBETWEEN($O$11,$P$11),IF($E60=$O$13,RANDBETWEEN($O$14,$P$14),IF($E60=$O$16,RANDBETWEEN($O$17,$P$17),IF($E60=$O$19,RANDBETWEEN($O$20,$P$20),IF($E60=$O$22,RANDBETWEEN($O$23,$P$23),IF($E60=$O$25,RANDBETWEEN($O$26,$P$26),IF($E60=$O$28,RANDBETWEEN($O$29,$P$29),"0")))))))))) -> 139 | I60: =IF($E60=$O$1,RANDBETWEEN($O$2,$P$2),IF($E60=$O$4,RANDBETWEEN($O$5,$P$5),IF($E60=$O$7,RANDBETWEEN($O$8,$P$8),IF($E60=$O$10,RANDBETWEEN($O$11,$P$11),IF($E60=$O$13,RANDBETWEEN($O$14,$P$14),IF($E60=$O$16,RANDBETWEEN($O$17,$P$17),IF($E60=$O$19,RANDBETWEEN($O$20,$P$20),IF($E60=$O$22,RANDBETWEEN($O$23,$P$23),IF($E60=$O$25,RANDBETWEEN($O$26,$P$26),IF($E60=$O$28,RANDBETWEEN($O$29,$P$29),"0")))))))))) -> 153 | J60: =IF($E60=$O$1,RANDBETWEEN($O$2,$P$2),IF($E60=$O$4,RANDBETWEEN($O$5,$P$5),IF($E60=$O$7,RANDBETWEEN($O$8,$P$8),IF($E60=$O$10,RANDBETWEEN($O$11,$P$11),IF($E60=$O$13,RANDBETWEEN($O$14,$P$14),IF($E60=$O$16,RANDBETWEEN($O$17,$P$17),IF($E60=$O$19,RANDBETWEEN($O$20,$P$20),IF($E60=$O$22,RANDBETWEEN($O$23,$P$23),IF($E60=$O$25,RANDBETWEEN($O$26,$P$26),IF($E60=$O$28,RANDBETWEEN($O$29,$P$29),"0")))))))))) -> 142 | K60: =IF($E60=$O$1,RANDBETWEEN($O$2,$P$2),IF($E60=$O$4,RANDBETWEEN($O$5,$P$5),IF($E60=$O$7,RANDBETWEEN($O$8,$P$8),IF($E60=$O$10,RANDBETWEEN($O$11,$P$11),IF($E60=$O$13,RANDBETWEEN($O$14,$P$14),IF($E60=$O$16,RANDBETWEEN($O$17,$P$17),IF($E60=$O$19,RANDBETWEEN($O$20,$P$20),IF($E60=$O$22,RANDBETWEEN($O$23,$P$23),IF($E60=$O$25,RANDBETWEEN($O$26,$P$26),IF($E60=$O$28,RANDBETWEEN($O$29,$P$29),"0")))))))))) -> 150
A61: ='1 шаблон'!A134 -> 0 | B61: ='1 шаблон'!A135 -> 0 | C61: ='1 шаблон'!B134 -> 0 | D61: ='1 шаблон'!C134 -> 0 | E61: =$O$1 -> Сталь 20 | F61: =IF($E61=$O$1,RANDBETWEEN($O$2,$P$2),IF($E61=$O$4,RANDBETWEEN($O$5,$P$5),IF($E61=$O$7,RANDBETWEEN($O$8,$P$8),IF($E61=$O$10,RANDBETWEEN($O$11,$P$11),IF($E61=$O$13,RANDBETWEEN($O$14,$P$14),IF($E61=$O$16,RANDBETWEEN($O$17,$P$17),IF($E61=$O$19,RANDBETWEEN($O$20,$P$20),IF($E61=$O$22,RANDBETWEEN($O$23,$P$23),IF($E61=$O$25,RANDBETWEEN($O$26,$P$26),IF($E61=$O$28,RANDBETWEEN($O$29,$P$29),"0")))))))))) -> 137 | G61: =IF($E61=$O$1,RANDBETWEEN($O$2,$P$2),IF($E61=$O$4,RANDBETWEEN($O$5,$P$5),IF($E61=$O$7,RANDBETWEEN($O$8,$P$8),IF($E61=$O$10,RANDBETWEEN($O$11,$P$11),IF($E61=$O$13,RANDBETWEEN($O$14,$P$14),IF($E61=$O$16,RANDBETWEEN($O$17,$P$17),IF($E61=$O$19,RANDBETWEEN($O$20,$P$20),IF($E61=$O$22,RANDBETWEEN($O$23,$P$23),IF($E61=$O$25,RANDBETWEEN($O$26,$P$26),IF($E61=$O$28,RANDBETWEEN($O$29,$P$29),"0")))))))))) -> 137 | H61: =IF($E61=$O$1,RANDBETWEEN($O$2,$P$2),IF($E61=$O$4,RANDBETWEEN($O$5,$P$5),IF($E61=$O$7,RANDBETWEEN($O$8,$P$8),IF($E61=$O$10,RANDBETWEEN($O$11,$P$11),IF($E61=$O$13,RANDBETWEEN($O$14,$P$14),IF($E61=$O$16,RANDBETWEEN($O$17,$P$17),IF($E61=$O$19,RANDBETWEEN($O$20,$P$20),IF($E61=$O$22,RANDBETWEEN($O$23,$P$23),IF($E61=$O$25,RANDBETWEEN($O$26,$P$26),IF($E61=$O$28,RANDBETWEEN($O$29,$P$29),"0")))))))))) -> 139 | I61: =IF($E61=$O$1,RANDBETWEEN($O$2,$P$2),IF($E61=$O$4,RANDBETWEEN($O$5,$P$5),IF($E61=$O$7,RANDBETWEEN($O$8,$P$8),IF($E61=$O$10,RANDBETWEEN($O$11,$P$11),IF($E61=$O$13,RANDBETWEEN($O$14,$P$14),IF($E61=$O$16,RANDBETWEEN($O$17,$P$17),IF($E61=$O$19,RANDBETWEEN($O$20,$P$20),IF($E61=$O$22,RANDBETWEEN($O$23,$P$23),IF($E61=$O$25,RANDBETWEEN($O$26,$P$26),IF($E61=$O$28,RANDBETWEEN($O$29,$P$29),"0")))))))))) -> 137 | J61: =IF($E61=$O$1,RANDBETWEEN($O$2,$P$2),IF($E61=$O$4,RANDBETWEEN($O$5,$P$5),IF($E61=$O$7,RANDBETWEEN($O$8,$P$8),IF($E61=$O$10,RANDBETWEEN($O$11,$P$11),IF($E61=$O$13,RANDBETWEEN($O$14,$P$14),IF($E61=$O$16,RANDBETWEEN($O$17,$P$17),IF($E61=$O$19,RANDBETWEEN($O$20,$P$20),IF($E61=$O$22,RANDBETWEEN($O$23,$P$23),IF($E61=$O$25,RANDBETWEEN($O$26,$P$26),IF($E61=$O$28,RANDBETWEEN($O$29,$P$29),"0")))))))))) -> 153 | K61: =IF($E61=$O$1,RANDBETWEEN($O$2,$P$2),IF($E61=$O$4,RANDBETWEEN($O$5,$P$5),IF($E61=$O$7,RANDBETWEEN($O$8,$P$8),IF($E61=$O$10,RANDBETWEEN($O$11,$P$11),IF($E61=$O$13,RANDBETWEEN($O$14,$P$14),IF($E61=$O$16,RANDBETWEEN($O$17,$P$17),IF($E61=$O$19,RANDBETWEEN($O$20,$P$20),IF($E61=$O$22,RANDBETWEEN($O$23,$P$23),IF($E61=$O$25,RANDBETWEEN($O$26,$P$26),IF($E61=$O$28,RANDBETWEEN($O$29,$P$29),"0")))))))))) -> 149
A62: ='1 шаблон'!A137 -> 0 | B62: ='1 шаблон'!A138 -> 0 | C62: ='1 шаблон'!B137 -> 0 | D62: ='1 шаблон'!C137 -> 0 | E62: =$O$1 -> Сталь 20 | F62: =IF($E62=$O$1,RANDBETWEEN($O$2,$P$2),IF($E62=$O$4,RANDBETWEEN($O$5,$P$5),IF($E62=$O$7,RANDBETWEEN($O$8,$P$8),IF($E62=$O$10,RANDBETWEEN($O$11,$P$11),IF($E62=$O$13,RANDBETWEEN($O$14,$P$14),IF($E62=$O$16,RANDBETWEEN($O$17,$P$17),IF($E62=$O$19,RANDBETWEEN($O$20,$P$20),IF($E62=$O$22,RANDBETWEEN($O$23,$P$23),IF($E62=$O$25,RANDBETWEEN($O$26,$P$26),IF($E62=$O$28,RANDBETWEEN($O$29,$P$29),"0")))))))))) -> 151 | G62: =IF($E62=$O$1,RANDBETWEEN($O$2,$P$2),IF($E62=$O$4,RANDBETWEEN($O$5,$P$5),IF($E62=$O$7,RANDBETWEEN($O$8,$P$8),IF($E62=$O$10,RANDBETWEEN($O$11,$P$11),IF($E62=$O$13,RANDBETWEEN($O$14,$P$14),IF($E62=$O$16,RANDBETWEEN($O$17,$P$17),IF($E62=$O$19,RANDBETWEEN($O$20,$P$20),IF($E62=$O$22,RANDBETWEEN($O$23,$P$23),IF($E62=$O$25,RANDBETWEEN($O$26,$P$26),IF($E62=$O$28,RANDBETWEEN($O$29,$P$29),"0")))))))))) -> 140 | H62: =IF($E62=$O$1,RANDBETWEEN($O$2,$P$2),IF($E62=$O$4,RANDBETWEEN($O$5,$P$5),IF($E62=$O$7,RANDBETWEEN($O$8,$P$8),IF($E62=$O$10,RANDBETWEEN($O$11,$P$11),IF($E62=$O$13,RANDBETWEEN($O$14,$P$14),IF($E62=$O$16,RANDBETWEEN($O$17,$P$17),IF($E62=$O$19,RANDBETWEEN($O$20,$P$20),IF($E62=$O$22,RANDBETWEEN($O$23,$P$23),IF($E62=$O$25,RANDBETWEEN($O$26,$P$26),IF($E62=$O$28,RANDBETWEEN($O$29,$P$29),"0")))))))))) -> 137 | I62: =IF($E62=$O$1,RANDBETWEEN($O$2,$P$2),IF($E62=$O$4,RANDBETWEEN($O$5,$P$5),IF($E62=$O$7,RANDBETWEEN($O$8,$P$8),IF($E62=$O$10,RANDBETWEEN($O$11,$P$11),IF($E62=$O$13,RANDBETWEEN($O$14,$P$14),IF($E62=$O$16,RANDBETWEEN($O$17,$P$17),IF($E62=$O$19,RANDBETWEEN($O$20,$P$20),IF($E62=$O$22,RANDBETWEEN($O$23,$P$23),IF($E62=$O$25,RANDBETWEEN($O$26,$P$26),IF($E62=$O$28,RANDBETWEEN($O$29,$P$29),"0")))))))))) -> 150 | J62: =IF($E62=$O$1,RANDBETWEEN($O$2,$P$2),IF($E62=$O$4,RANDBETWEEN($O$5,$P$5),IF($E62=$O$7,RANDBETWEEN($O$8,$P$8),IF($E62=$O$10,RANDBETWEEN($O$11,$P$11),IF($E62=$O$13,RANDBETWEEN($O$14,$P$14),IF($E62=$O$16,RANDBETWEEN($O$17,$P$17),IF($E62=$O$19,RANDBETWEEN($O$20,$P$20),IF($E62=$O$22,RANDBETWEEN($O$23,$P$23),IF($E62=$O$25,RANDBETWEEN($O$26,$P$26),IF($E62=$O$28,RANDBETWEEN($O$29,$P$29),"0")))))))))) -> 147 | K62: =IF($E62=$O$1,RANDBETWEEN($O$2,$P$2),IF($E62=$O$4,RANDBETWEEN($O$5,$P$5),IF($E62=$O$7,RANDBETWEEN($O$8,$P$8),IF($E62=$O$10,RANDBETWEEN($O$11,$P$11),IF($E62=$O$13,RANDBETWEEN($O$14,$P$14),IF($E62=$O$16,RANDBETWEEN($O$17,$P$17),IF($E62=$O$19,RANDBETWEEN($O$20,$P$20),IF($E62=$O$22,RANDBETWEEN($O$23,$P$23),IF($E62=$O$25,RANDBETWEEN($O$26,$P$26),IF($E62=$O$28,RANDBETWEEN($O$29,$P$29),"0")))))))))) -> 137
A63: ='1 шаблон'!A140 -> 0 | B63: ='1 шаблон'!A141 -> 0 | C63: ='1 шаблон'!B140 -> 0 | D63: ='1 шаблон'!C140 -> 0 | E63: =$O$1 -> Сталь 20 | F63: =IF($E63=$O$1,RANDBETWEEN($O$2,$P$2),IF($E63=$O$4,RANDBETWEEN($O$5,$P$5),IF($E63=$O$7,RANDBETWEEN($O$8,$P$8),IF($E63=$O$10,RANDBETWEEN($O$11,$P$11),IF($E63=$O$13,RANDBETWEEN($O$14,$P$14),IF($E63=$O$16,RANDBETWEEN($O$17,$P$17),IF($E63=$O$19,RANDBETWEEN($O$20,$P$20),IF($E63=$O$22,RANDBETWEEN($O$23,$P$23),IF($E63=$O$25,RANDBETWEEN($O$26,$P$26),IF($E63=$O$28,RANDBETWEEN($O$29,$P$29),"0")))))))))) -> 144 | G63: =IF($E63=$O$1,RANDBETWEEN($O$2,$P$2),IF($E63=$O$4,RANDBETWEEN($O$5,$P$5),IF($E63=$O$7,RANDBETWEEN($O$8,$P$8),IF($E63=$O$10,RANDBETWEEN($O$11,$P$11),IF($E63=$O$13,RANDBETWEEN($O$14,$P$14),IF($E63=$O$16,RANDBETWEEN($O$17,$P$17),IF($E63=$O$19,RANDBETWEEN($O$20,$P$20),IF($E63=$O$22,RANDBETWEEN($O$23,$P$23),IF($E63=$O$25,RANDBETWEEN($O$26,$P$26),IF($E63=$O$28,RANDBETWEEN($O$29,$P$29),"0")))))))))) -> 145 | H63: =IF($E63=$O$1,RANDBETWEEN($O$2,$P$2),IF($E63=$O$4,RANDBETWEEN($O$5,$P$5),IF($E63=$O$7,RANDBETWEEN($O$8,$P$8),IF($E63=$O$10,RANDBETWEEN($O$11,$P$11),IF($E63=$O$13,RANDBETWEEN($O$14,$P$14),IF($E63=$O$16,RANDBETWEEN($O$17,$P$17),IF($E63=$O$19,RANDBETWEEN($O$20,$P$20),IF($E63=$O$22,RANDBETWEEN($O$23,$P$23),IF($E63=$O$25,RANDBETWEEN($O$26,$P$26),IF($E63=$O$28,RANDBETWEEN($O$29,$P$29),"0")))))))))) -> 151 | I63: =IF($E63=$O$1,RANDBETWEEN($O$2,$P$2),IF($E63=$O$4,RANDBETWEEN($O$5,$P$5),IF($E63=$O$7,RANDBETWEEN($O$8,$P$8),IF($E63=$O$10,RANDBETWEEN($O$11,$P$11),IF($E63=$O$13,RANDBETWEEN($O$14,$P$14),IF($E63=$O$16,RANDBETWEEN($O$17,$P$17),IF($E63=$O$19,RANDBETWEEN($O$20,$P$20),IF($E63=$O$22,RANDBETWEEN($O$23,$P$23),IF($E63=$O$25,RANDBETWEEN($O$26,$P$26),IF($E63=$O$28,RANDBETWEEN($O$29,$P$29),"0")))))))))) -> 143 | J63: =IF($E63=$O$1,RANDBETWEEN($O$2,$P$2),IF($E63=$O$4,RANDBETWEEN($O$5,$P$5),IF($E63=$O$7,RANDBETWEEN($O$8,$P$8),IF($E63=$O$10,RANDBETWEEN($O$11,$P$11),IF($E63=$O$13,RANDBETWEEN($O$14,$P$14),IF($E63=$O$16,RANDBETWEEN($O$17,$P$17),IF($E63=$O$19,RANDBETWEEN($O$20,$P$20),IF($E63=$O$22,RANDBETWEEN($O$23,$P$23),IF($E63=$O$25,RANDBETWEEN($O$26,$P$26),IF($E63=$O$28,RANDBETWEEN($O$29,$P$29),"0")))))))))) -> 147 | K63: =IF($E63=$O$1,RANDBETWEEN($O$2,$P$2),IF($E63=$O$4,RANDBETWEEN($O$5,$P$5),IF($E63=$O$7,RANDBETWEEN($O$8,$P$8),IF($E63=$O$10,RANDBETWEEN($O$11,$P$11),IF($E63=$O$13,RANDBETWEEN($O$14,$P$14),IF($E63=$O$16,RANDBETWEEN($O$17,$P$17),IF($E63=$O$19,RANDBETWEEN($O$20,$P$20),IF($E63=$O$22,RANDBETWEEN($O$23,$P$23),IF($E63=$O$25,RANDBETWEEN($O$26,$P$26),IF($E63=$O$28,RANDBETWEEN($O$29,$P$29),"0")))))))))) -> 151
A64: ='1 шаблон'!A143 -> 0 | B64: ='1 шаблон'!A144 -> 0 | C64: ='1 шаблон'!B143 -> 0 | D64: ='1 шаблон'!C143 -> 0 | E64: =$O$1 -> Сталь 20 | F64: =IF($E64=$O$1,RANDBETWEEN($O$2,$P$2),IF($E64=$O$4,RANDBETWEEN($O$5,$P$5),IF($E64=$O$7,RANDBETWEEN($O$8,$P$8),IF($E64=$O$10,RANDBETWEEN($O$11,$P$11),IF($E64=$O$13,RANDBETWEEN($O$14,$P$14),IF($E64=$O$16,RANDBETWEEN($O$17,$P$17),IF($E64=$O$19,RANDBETWEEN($O$20,$P$20),IF($E64=$O$22,RANDBETWEEN($O$23,$P$23),IF($E64=$O$25,RANDBETWEEN($O$26,$P$26),IF($E64=$O$28,RANDBETWEEN($O$29,$P$29),"0")))))))))) -> 144 | G64: =IF($E64=$O$1,RANDBETWEEN($O$2,$P$2),IF($E64=$O$4,RANDBETWEEN($O$5,$P$5),IF($E64=$O$7,RANDBETWEEN($O$8,$P$8),IF($E64=$O$10,RANDBETWEEN($O$11,$P$11),IF($E64=$O$13,RANDBETWEEN($O$14,$P$14),IF($E64=$O$16,RANDBETWEEN($O$17,$P$17),IF($E64=$O$19,RANDBETWEEN($O$20,$P$20),IF($E64=$O$22,RANDBETWEEN($O$23,$P$23),IF($E64=$O$25,RANDBETWEEN($O$26,$P$26),IF($E64=$O$28,RANDBETWEEN($O$29,$P$29),"0")))))))))) -> 139 | H64: =IF($E64=$O$1,RANDBETWEEN($O$2,$P$2),IF($E64=$O$4,RANDBETWEEN($O$5,$P$5),IF($E64=$O$7,RANDBETWEEN($O$8,$P$8),IF($E64=$O$10,RANDBETWEEN($O$11,$P$11),IF($E64=$O$13,RANDBETWEEN($O$14,$P$14),IF($E64=$O$16,RANDBETWEEN($O$17,$P$17),IF($E64=$O$19,RANDBETWEEN($O$20,$P$20),IF($E64=$O$22,RANDBETWEEN($O$23,$P$23),IF($E64=$O$25,RANDBETWEEN($O$26,$P$26),IF($E64=$O$28,RANDBETWEEN($O$29,$P$29),"0")))))))))) -> 141 | I64: =IF($E64=$O$1,RANDBETWEEN($O$2,$P$2),IF($E64=$O$4,RANDBETWEEN($O$5,$P$5),IF($E64=$O$7,RANDBETWEEN($O$8,$P$8),IF($E64=$O$10,RANDBETWEEN($O$11,$P$11),IF($E64=$O$13,RANDBETWEEN($O$14,$P$14),IF($E64=$O$16,RANDBETWEEN($O$17,$P$17),IF($E64=$O$19,RANDBETWEEN($O$20,$P$20),IF($E64=$O$22,RANDBETWEEN($O$23,$P$23),IF($E64=$O$25,RANDBETWEEN($O$26,$P$26),IF($E64=$O$28,RANDBETWEEN($O$29,$P$29),"0")))))))))) -> 138 | J64: =IF($E64=$O$1,RANDBETWEEN($O$2,$P$2),IF($E64=$O$4,RANDBETWEEN($O$5,$P$5),IF($E64=$O$7,RANDBETWEEN($O$8,$P$8),IF($E64=$O$10,RANDBETWEEN($O$11,$P$11),IF($E64=$O$13,RANDBETWEEN($O$14,$P$14),IF($E64=$O$16,RANDBETWEEN($O$17,$P$17),IF($E64=$O$19,RANDBETWEEN($O$20,$P$20),IF($E64=$O$22,RANDBETWEEN($O$23,$P$23),IF($E64=$O$25,RANDBETWEEN($O$26,$P$26),IF($E64=$O$28,RANDBETWEEN($O$29,$P$29),"0")))))))))) -> 141 | K64: =IF($E64=$O$1,RANDBETWEEN($O$2,$P$2),IF($E64=$O$4,RANDBETWEEN($O$5,$P$5),IF($E64=$O$7,RANDBETWEEN($O$8,$P$8),IF($E64=$O$10,RANDBETWEEN($O$11,$P$11),IF($E64=$O$13,RANDBETWEEN($O$14,$P$14),IF($E64=$O$16,RANDBETWEEN($O$17,$P$17),IF($E64=$O$19,RANDBETWEEN($O$20,$P$20),IF($E64=$O$22,RANDBETWEEN($O$23,$P$23),IF($E64=$O$25,RANDBETWEEN($O$26,$P$26),IF($E64=$O$28,RANDBETWEEN($O$29,$P$29),"0")))))))))) -> 140
A65: ='1 шаблон'!A146 -> 0 | B65: ='1 шаблон'!A147 -> 0 | C65: ='1 шаблон'!B146 -> 0 | D65: ='1 шаблон'!C146 -> 0 | E65: =$O$1 -> Сталь 20 | F65: =IF($E65=$O$1,RANDBETWEEN($O$2,$P$2),IF($E65=$O$4,RANDBETWEEN($O$5,$P$5),IF($E65=$O$7,RANDBETWEEN($O$8,$P$8),IF($E65=$O$10,RANDBETWEEN($O$11,$P$11),IF($E65=$O$13,RANDBETWEEN($O$14,$P$14),IF($E65=$O$16,RANDBETWEEN($O$17,$P$17),IF($E65=$O$19,RANDBETWEEN($O$20,$P$20),IF($E65=$O$22,RANDBETWEEN($O$23,$P$23),IF($E65=$O$25,RANDBETWEEN($O$26,$P$26),IF($E65=$O$28,RANDBETWEEN($O$29,$P$29),"0")))))))))) -> 138 | G65: =IF($E65=$O$1,RANDBETWEEN($O$2,$P$2),IF($E65=$O$4,RANDBETWEEN($O$5,$P$5),IF($E65=$O$7,RANDBETWEEN($O$8,$P$8),IF($E65=$O$10,RANDBETWEEN($O$11,$P$11),IF($E65=$O$13,RANDBETWEEN($O$14,$P$14),IF($E65=$O$16,RANDBETWEEN($O$17,$P$17),IF($E65=$O$19,RANDBETWEEN($O$20,$P$20),IF($E65=$O$22,RANDBETWEEN($O$23,$P$23),IF($E65=$O$25,RANDBETWEEN($O$26,$P$26),IF($E65=$O$28,RANDBETWEEN($O$29,$P$29),"0")))))))))) -> 151 | H65: =IF($E65=$O$1,RANDBETWEEN($O$2,$P$2),IF($E65=$O$4,RANDBETWEEN($O$5,$P$5),IF($E65=$O$7,RANDBETWEEN($O$8,$P$8),IF($E65=$O$10,RANDBETWEEN($O$11,$P$11),IF($E65=$O$13,RANDBETWEEN($O$14,$P$14),IF($E65=$O$16,RANDBETWEEN($O$17,$P$17),IF($E65=$O$19,RANDBETWEEN($O$20,$P$20),IF($E65=$O$22,RANDBETWEEN($O$23,$P$23),IF($E65=$O$25,RANDBETWEEN($O$26,$P$26),IF($E65=$O$28,RANDBETWEEN($O$29,$P$29),"0")))))))))) -> 143 | I65: =IF($E65=$O$1,RANDBETWEEN($O$2,$P$2),IF($E65=$O$4,RANDBETWEEN($O$5,$P$5),IF($E65=$O$7,RANDBETWEEN($O$8,$P$8),IF($E65=$O$10,RANDBETWEEN($O$11,$P$11),IF($E65=$O$13,RANDBETWEEN($O$14,$P$14),IF($E65=$O$16,RANDBETWEEN($O$17,$P$17),IF($E65=$O$19,RANDBETWEEN($O$20,$P$20),IF($E65=$O$22,RANDBETWEEN($O$23,$P$23),IF($E65=$O$25,RANDBETWEEN($O$26,$P$26),IF($E65=$O$28,RANDBETWEEN($O$29,$P$29),"0")))))))))) -> 146 | J65: =IF($E65=$O$1,RANDBETWEEN($O$2,$P$2),IF($E65=$O$4,RANDBETWEEN($O$5,$P$5),IF($E65=$O$7,RANDBETWEEN($O$8,$P$8),IF($E65=$O$10,RANDBETWEEN($O$11,$P$11),IF($E65=$O$13,RANDBETWEEN($O$14,$P$14),IF($E65=$O$16,RANDBETWEEN($O$17,$P$17),IF($E65=$O$19,RANDBETWEEN($O$20,$P$20),IF($E65=$O$22,RANDBETWEEN($O$23,$P$23),IF($E65=$O$25,RANDBETWEEN($O$26,$P$26),IF($E65=$O$28,RANDBETWEEN($O$29,$P$29),"0")))))))))) -> 140 | K65: =IF($E65=$O$1,RANDBETWEEN($O$2,$P$2),IF($E65=$O$4,RANDBETWEEN($O$5,$P$5),IF($E65=$O$7,RANDBETWEEN($O$8,$P$8),IF($E65=$O$10,RANDBETWEEN($O$11,$P$11),IF($E65=$O$13,RANDBETWEEN($O$14,$P$14),IF($E65=$O$16,RANDBETWEEN($O$17,$P$17),IF($E65=$O$19,RANDBETWEEN($O$20,$P$20),IF($E65=$O$22,RANDBETWEEN($O$23,$P$23),IF($E65=$O$25,RANDBETWEEN($O$26,$P$26),IF($E65=$O$28,RANDBETWEEN($O$29,$P$29),"0")))))))))) -> 150
A66: ='1 шаблон'!A149 -> 0 | B66: ='1 шаблон'!A150 -> 0 | C66: ='1 шаблон'!B149 -> 0 | D66: ='1 шаблон'!C149 -> 0 | E66: =$O$1 -> Сталь 20 | F66: =IF($E66=$O$1,RANDBETWEEN($O$2,$P$2),IF($E66=$O$4,RANDBETWEEN($O$5,$P$5),IF($E66=$O$7,RANDBETWEEN($O$8,$P$8),IF($E66=$O$10,RANDBETWEEN($O$11,$P$11),IF($E66=$O$13,RANDBETWEEN($O$14,$P$14),IF($E66=$O$16,RANDBETWEEN($O$17,$P$17),IF($E66=$O$19,RANDBETWEEN($O$20,$P$20),IF($E66=$O$22,RANDBETWEEN($O$23,$P$23),IF($E66=$O$25,RANDBETWEEN($O$26,$P$26),IF($E66=$O$28,RANDBETWEEN($O$29,$P$29),"0")))))))))) -> 153 | G66: =IF($E66=$O$1,RANDBETWEEN($O$2,$P$2),IF($E66=$O$4,RANDBETWEEN($O$5,$P$5),IF($E66=$O$7,RANDBETWEEN($O$8,$P$8),IF($E66=$O$10,RANDBETWEEN($O$11,$P$11),IF($E66=$O$13,RANDBETWEEN($O$14,$P$14),IF($E66=$O$16,RANDBETWEEN($O$17,$P$17),IF($E66=$O$19,RANDBETWEEN($O$20,$P$20),IF($E66=$O$22,RANDBETWEEN($O$23,$P$23),IF($E66=$O$25,RANDBETWEEN($O$26,$P$26),IF($E66=$O$28,RANDBETWEEN($O$29,$P$29),"0")))))))))) -> 149 | H66: =IF($E66=$O$1,RANDBETWEEN($O$2,$P$2),IF($E66=$O$4,RANDBETWEEN($O$5,$P$5),IF($E66=$O$7,RANDBETWEEN($O$8,$P$8),IF($E66=$O$10,RANDBETWEEN($O$11,$P$11),IF($E66=$O$13,RANDBETWEEN($O$14,$P$14),IF($E66=$O$16,RANDBETWEEN($O$17,$P$17),IF($E66=$O$19,RANDBETWEEN($O$20,$P$20),IF($E66=$O$22,RANDBETWEEN($O$23,$P$23),IF($E66=$O$25,RANDBETWEEN($O$26,$P$26),IF($E66=$O$28,RANDBETWEEN($O$29,$P$29),"0")))))))))) -> 139 | I66: =IF($E66=$O$1,RANDBETWEEN($O$2,$P$2),IF($E66=$O$4,RANDBETWEEN($O$5,$P$5),IF($E66=$O$7,RANDBETWEEN($O$8,$P$8),IF($E66=$O$10,RANDBETWEEN($O$11,$P$11),IF($E66=$O$13,RANDBETWEEN($O$14,$P$14),IF($E66=$O$16,RANDBETWEEN($O$17,$P$17),IF($E66=$O$19,RANDBETWEEN($O$20,$P$20),IF($E66=$O$22,RANDBETWEEN($O$23,$P$23),IF($E66=$O$25,RANDBETWEEN($O$26,$P$26),IF($E66=$O$28,RANDBETWEEN($O$29,$P$29),"0")))))))))) -> 148 | J66: =IF($E66=$O$1,RANDBETWEEN($O$2,$P$2),IF($E66=$O$4,RANDBETWEEN($O$5,$P$5),IF($E66=$O$7,RANDBETWEEN($O$8,$P$8),IF($E66=$O$10,RANDBETWEEN($O$11,$P$11),IF($E66=$O$13,RANDBETWEEN($O$14,$P$14),IF($E66=$O$16,RANDBETWEEN($O$17,$P$17),IF($E66=$O$19,RANDBETWEEN($O$20,$P$20),IF($E66=$O$22,RANDBETWEEN($O$23,$P$23),IF($E66=$O$25,RANDBETWEEN($O$26,$P$26),IF($E66=$O$28,RANDBETWEEN($O$29,$P$29),"0")))))))))) -> 144 | K66: =IF($E66=$O$1,RANDBETWEEN($O$2,$P$2),IF($E66=$O$4,RANDBETWEEN($O$5,$P$5),IF($E66=$O$7,RANDBETWEEN($O$8,$P$8),IF($E66=$O$10,RANDBETWEEN($O$11,$P$11),IF($E66=$O$13,RANDBETWEEN($O$14,$P$14),IF($E66=$O$16,RANDBETWEEN($O$17,$P$17),IF($E66=$O$19,RANDBETWEEN($O$20,$P$20),IF($E66=$O$22,RANDBETWEEN($O$23,$P$23),IF($E66=$O$25,RANDBETWEEN($O$26,$P$26),IF($E66=$O$28,RANDBETWEEN($O$29,$P$29),"0")))))))))) -> 149
A67: ='1 шаблон'!A152 -> 0 | B67: ='1 шаблон'!A153 -> 0 | C67: ='1 шаблон'!B152 -> 0 | D67: ='1 шаблон'!C152 -> 0 | E67: =$O$1 -> Сталь 20 | F67: =IF($E67=$O$1,RANDBETWEEN($O$2,$P$2),IF($E67=$O$4,RANDBETWEEN($O$5,$P$5),IF($E67=$O$7,RANDBETWEEN($O$8,$P$8),IF($E67=$O$10,RANDBETWEEN($O$11,$P$11),IF($E67=$O$13,RANDBETWEEN($O$14,$P$14),IF($E67=$O$16,RANDBETWEEN($O$17,$P$17),IF($E67=$O$19,RANDBETWEEN($O$20,$P$20),IF($E67=$O$22,RANDBETWEEN($O$23,$P$23),IF($E67=$O$25,RANDBETWEEN($O$26,$P$26),IF($E67=$O$28,RANDBETWEEN($O$29,$P$29),"0")))))))))) -> 144 | G67: =IF($E67=$O$1,RANDBETWEEN($O$2,$P$2),IF($E67=$O$4,RANDBETWEEN($O$5,$P$5),IF($E67=$O$7,RANDBETWEEN($O$8,$P$8),IF($E67=$O$10,RANDBETWEEN($O$11,$P$11),IF($E67=$O$13,RANDBETWEEN($O$14,$P$14),IF($E67=$O$16,RANDBETWEEN($O$17,$P$17),IF($E67=$O$19,RANDBETWEEN($O$20,$P$20),IF($E67=$O$22,RANDBETWEEN($O$23,$P$23),IF($E67=$O$25,RANDBETWEEN($O$26,$P$26),IF($E67=$O$28,RANDBETWEEN($O$29,$P$29),"0")))))))))) -> 152 | H67: =IF($E67=$O$1,RANDBETWEEN($O$2,$P$2),IF($E67=$O$4,RANDBETWEEN($O$5,$P$5),IF($E67=$O$7,RANDBETWEEN($O$8,$P$8),IF($E67=$O$10,RANDBETWEEN($O$11,$P$11),IF($E67=$O$13,RANDBETWEEN($O$14,$P$14),IF($E67=$O$16,RANDBETWEEN($O$17,$P$17),IF($E67=$O$19,RANDBETWEEN($O$20,$P$20),IF($E67=$O$22,RANDBETWEEN($O$23,$P$23),IF($E67=$O$25,RANDBETWEEN($O$26,$P$26),IF($E67=$O$28,RANDBETWEEN($O$29,$P$29),"0")))))))))) -> 144 | I67: =IF($E67=$O$1,RANDBETWEEN($O$2,$P$2),IF($E67=$O$4,RANDBETWEEN($O$5,$P$5),IF($E67=$O$7,RANDBETWEEN($O$8,$P$8),IF($E67=$O$10,RANDBETWEEN($O$11,$P$11),IF($E67=$O$13,RANDBETWEEN($O$14,$P$14),IF($E67=$O$16,RANDBETWEEN($O$17,$P$17),IF($E67=$O$19,RANDBETWEEN($O$20,$P$20),IF($E67=$O$22,RANDBETWEEN($O$23,$P$23),IF($E67=$O$25,RANDBETWEEN($O$26,$P$26),IF($E67=$O$28,RANDBETWEEN($O$29,$P$29),"0")))))))))) -> 145 | J67: =IF($E67=$O$1,RANDBETWEEN($O$2,$P$2),IF($E67=$O$4,RANDBETWEEN($O$5,$P$5),IF($E67=$O$7,RANDBETWEEN($O$8,$P$8),IF($E67=$O$10,RANDBETWEEN($O$11,$P$11),IF($E67=$O$13,RANDBETWEEN($O$14,$P$14),IF($E67=$O$16,RANDBETWEEN($O$17,$P$17),IF($E67=$O$19,RANDBETWEEN($O$20,$P$20),IF($E67=$O$22,RANDBETWEEN($O$23,$P$23),IF($E67=$O$25,RANDBETWEEN($O$26,$P$26),IF($E67=$O$28,RANDBETWEEN($O$29,$P$29),"0")))))))))) -> 153 | K67: =IF($E67=$O$1,RANDBETWEEN($O$2,$P$2),IF($E67=$O$4,RANDBETWEEN($O$5,$P$5),IF($E67=$O$7,RANDBETWEEN($O$8,$P$8),IF($E67=$O$10,RANDBETWEEN($O$11,$P$11),IF($E67=$O$13,RANDBETWEEN($O$14,$P$14),IF($E67=$O$16,RANDBETWEEN($O$17,$P$17),IF($E67=$O$19,RANDBETWEEN($O$20,$P$20),IF($E67=$O$22,RANDBETWEEN($O$23,$P$23),IF($E67=$O$25,RANDBETWEEN($O$26,$P$26),IF($E67=$O$28,RANDBETWEEN($O$29,$P$29),"0")))))))))) -> 142
A68: ='1 шаблон'!A155 -> 0 | B68: ='1 шаблон'!A156 -> 0 | C68: ='1 шаблон'!B155 -> 0 | D68: ='1 шаблон'!C155 -> 0 | E68: =$O$1 -> Сталь 20 | F68: =IF($E68=$O$1,RANDBETWEEN($O$2,$P$2),IF($E68=$O$4,RANDBETWEEN($O$5,$P$5),IF($E68=$O$7,RANDBETWEEN($O$8,$P$8),IF($E68=$O$10,RANDBETWEEN($O$11,$P$11),IF($E68=$O$13,RANDBETWEEN($O$14,$P$14),IF($E68=$O$16,RANDBETWEEN($O$17,$P$17),IF($E68=$O$19,RANDBETWEEN($O$20,$P$20),IF($E68=$O$22,RANDBETWEEN($O$23,$P$23),IF($E68=$O$25,RANDBETWEEN($O$26,$P$26),IF($E68=$O$28,RANDBETWEEN($O$29,$P$29),"0")))))))))) -> 139 | G68: =IF($E68=$O$1,RANDBETWEEN($O$2,$P$2),IF($E68=$O$4,RANDBETWEEN($O$5,$P$5),IF($E68=$O$7,RANDBETWEEN($O$8,$P$8),IF($E68=$O$10,RANDBETWEEN($O$11,$P$11),IF($E68=$O$13,RANDBETWEEN($O$14,$P$14),IF($E68=$O$16,RANDBETWEEN($O$17,$P$17),IF($E68=$O$19,RANDBETWEEN($O$20,$P$20),IF($E68=$O$22,RANDBETWEEN($O$23,$P$23),IF($E68=$O$25,RANDBETWEEN($O$26,$P$26),IF($E68=$O$28,RANDBETWEEN($O$29,$P$29),"0")))))))))) -> 138 | H68: =IF($E68=$O$1,RANDBETWEEN($O$2,$P$2),IF($E68=$O$4,RANDBETWEEN($O$5,$P$5),IF($E68=$O$7,RANDBETWEEN($O$8,$P$8),IF($E68=$O$10,RANDBETWEEN($O$11,$P$11),IF($E68=$O$13,RANDBETWEEN($O$14,$P$14),IF($E68=$O$16,RANDBETWEEN($O$17,$P$17),IF($E68=$O$19,RANDBETWEEN($O$20,$P$20),IF($E68=$O$22,RANDBETWEEN($O$23,$P$23),IF($E68=$O$25,RANDBETWEEN($O$26,$P$26),IF($E68=$O$28,RANDBETWEEN($O$29,$P$29),"0")))))))))) -> 145 | I68: =IF($E68=$O$1,RANDBETWEEN($O$2,$P$2),IF($E68=$O$4,RANDBETWEEN($O$5,$P$5),IF($E68=$O$7,RANDBETWEEN($O$8,$P$8),IF($E68=$O$10,RANDBETWEEN($O$11,$P$11),IF($E68=$O$13,RANDBETWEEN($O$14,$P$14),IF($E68=$O$16,RANDBETWEEN($O$17,$P$17),IF($E68=$O$19,RANDBETWEEN($O$20,$P$20),IF($E68=$O$22,RANDBETWEEN($O$23,$P$23),IF($E68=$O$25,RANDBETWEEN($O$26,$P$26),IF($E68=$O$28,RANDBETWEEN($O$29,$P$29),"0")))))))))) -> 148 | J68: =IF($E68=$O$1,RANDBETWEEN($O$2,$P$2),IF($E68=$O$4,RANDBETWEEN($O$5,$P$5),IF($E68=$O$7,RANDBETWEEN($O$8,$P$8),IF($E68=$O$10,RANDBETWEEN($O$11,$P$11),IF($E68=$O$13,RANDBETWEEN($O$14,$P$14),IF($E68=$O$16,RANDBETWEEN($O$17,$P$17),IF($E68=$O$19,RANDBETWEEN($O$20,$P$20),IF($E68=$O$22,RANDBETWEEN($O$23,$P$23),IF($E68=$O$25,RANDBETWEEN($O$26,$P$26),IF($E68=$O$28,RANDBETWEEN($O$29,$P$29),"0")))))))))) -> 144 | K68: =IF($E68=$O$1,RANDBETWEEN($O$2,$P$2),IF($E68=$O$4,RANDBETWEEN($O$5,$P$5),IF($E68=$O$7,RANDBETWEEN($O$8,$P$8),IF($E68=$O$10,RANDBETWEEN($O$11,$P$11),IF($E68=$O$13,RANDBETWEEN($O$14,$P$14),IF($E68=$O$16,RANDBETWEEN($O$17,$P$17),IF($E68=$O$19,RANDBETWEEN($O$20,$P$20),IF($E68=$O$22,RANDBETWEEN($O$23,$P$23),IF($E68=$O$25,RANDBETWEEN($O$26,$P$26),IF($E68=$O$28,RANDBETWEEN($O$29,$P$29),"0")))))))))) -> 142
A69: ='1 шаблон'!A158 -> 0 | B69: ='1 шаблон'!A159 -> 0 | C69: ='1 шаблон'!B158 -> 0 | D69: ='1 шаблон'!C158 -> 0 | E69: =$O$1 -> Сталь 20 | F69: =IF($E69=$O$1,RANDBETWEEN($O$2,$P$2),IF($E69=$O$4,RANDBETWEEN($O$5,$P$5),IF($E69=$O$7,RANDBETWEEN($O$8,$P$8),IF($E69=$O$10,RANDBETWEEN($O$11,$P$11),IF($E69=$O$13,RANDBETWEEN($O$14,$P$14),IF($E69=$O$16,RANDBETWEEN($O$17,$P$17),IF($E69=$O$19,RANDBETWEEN($O$20,$P$20),IF($E69=$O$22,RANDBETWEEN($O$23,$P$23),IF($E69=$O$25,RANDBETWEEN($O$26,$P$26),IF($E69=$O$28,RANDBETWEEN($O$29,$P$29),"0")))))))))) -> 150 | G69: =IF($E69=$O$1,RANDBETWEEN($O$2,$P$2),IF($E69=$O$4,RANDBETWEEN($O$5,$P$5),IF($E69=$O$7,RANDBETWEEN($O$8,$P$8),IF($E69=$O$10,RANDBETWEEN($O$11,$P$11),IF($E69=$O$13,RANDBETWEEN($O$14,$P$14),IF($E69=$O$16,RANDBETWEEN($O$17,$P$17),IF($E69=$O$19,RANDBETWEEN($O$20,$P$20),IF($E69=$O$22,RANDBETWEEN($O$23,$P$23),IF($E69=$O$25,RANDBETWEEN($O$26,$P$26),IF($E69=$O$28,RANDBETWEEN($O$29,$P$29),"0")))))))))) -> 145 | H69: =IF($E69=$O$1,RANDBETWEEN($O$2,$P$2),IF($E69=$O$4,RANDBETWEEN($O$5,$P$5),IF($E69=$O$7,RANDBETWEEN($O$8,$P$8),IF($E69=$O$10,RANDBETWEEN($O$11,$P$11),IF($E69=$O$13,RANDBETWEEN($O$14,$P$14),IF($E69=$O$16,RANDBETWEEN($O$17,$P$17),IF($E69=$O$19,RANDBETWEEN($O$20,$P$20),IF($E69=$O$22,RANDBETWEEN($O$23,$P$23),IF($E69=$O$25,RANDBETWEEN($O$26,$P$26),IF($E69=$O$28,RANDBETWEEN($O$29,$P$29),"0")))))))))) -> 143 | I69: =IF($E69=$O$1,RANDBETWEEN($O$2,$P$2),IF($E69=$O$4,RANDBETWEEN($O$5,$P$5),IF($E69=$O$7,RANDBETWEEN($O$8,$P$8),IF($E69=$O$10,RANDBETWEEN($O$11,$P$11),IF($E69=$O$13,RANDBETWEEN($O$14,$P$14),IF($E69=$O$16,RANDBETWEEN($O$17,$P$17),IF($E69=$O$19,RANDBETWEEN($O$20,$P$20),IF($E69=$O$22,RANDBETWEEN($O$23,$P$23),IF($E69=$O$25,RANDBETWEEN($O$26,$P$26),IF($E69=$O$28,RANDBETWEEN($O$29,$P$29),"0")))))))))) -> 137 | J69: =IF($E69=$O$1,RANDBETWEEN($O$2,$P$2),IF($E69=$O$4,RANDBETWEEN($O$5,$P$5),IF($E69=$O$7,RANDBETWEEN($O$8,$P$8),IF($E69=$O$10,RANDBETWEEN($O$11,$P$11),IF($E69=$O$13,RANDBETWEEN($O$14,$P$14),IF($E69=$O$16,RANDBETWEEN($O$17,$P$17),IF($E69=$O$19,RANDBETWEEN($O$20,$P$20),IF($E69=$O$22,RANDBETWEEN($O$23,$P$23),IF($E69=$O$25,RANDBETWEEN($O$26,$P$26),IF($E69=$O$28,RANDBETWEEN($O$29,$P$29),"0")))))))))) -> 148 | K69: =IF($E69=$O$1,RANDBETWEEN($O$2,$P$2),IF($E69=$O$4,RANDBETWEEN($O$5,$P$5),IF($E69=$O$7,RANDBETWEEN($O$8,$P$8),IF($E69=$O$10,RANDBETWEEN($O$11,$P$11),IF($E69=$O$13,RANDBETWEEN($O$14,$P$14),IF($E69=$O$16,RANDBETWEEN($O$17,$P$17),IF($E69=$O$19,RANDBETWEEN($O$20,$P$20),IF($E69=$O$22,RANDBETWEEN($O$23,$P$23),IF($E69=$O$25,RANDBETWEEN($O$26,$P$26),IF($E69=$O$28,RANDBETWEEN($O$29,$P$29),"0")))))))))) -> 148
A70: ='1 шаблон'!A161 -> 0 | B70: ='1 шаблон'!A162 -> 0 | C70: ='1 шаблон'!B161 -> 0 | D70: ='1 шаблон'!C161 -> 0 | E70: =O4 -> Сталь 10 | F70: =IF($E70=$O$1,RANDBETWEEN($O$2,$P$2),IF($E70=$O$4,RANDBETWEEN($O$5,$P$5),IF($E70=$O$7,RANDBETWEEN($O$8,$P$8),IF($E70=$O$10,RANDBETWEEN($O$11,$P$11),IF($E70=$O$13,RANDBETWEEN($O$14,$P$14),IF($E70=$O$16,RANDBETWEEN($O$17,$P$17),IF($E70=$O$19,RANDBETWEEN($O$20,$P$20),IF($E70=$O$22,RANDBETWEEN($O$23,$P$23),IF($E70=$O$25,RANDBETWEEN($O$26,$P$26),IF($E70=$O$28,RANDBETWEEN($O$29,$P$29),"0")))))))))) -> 130 | G70: =IF($E70=$O$1,RANDBETWEEN($O$2,$P$2),IF($E70=$O$4,RANDBETWEEN($O$5,$P$5),IF($E70=$O$7,RANDBETWEEN($O$8,$P$8),IF($E70=$O$10,RANDBETWEEN($O$11,$P$11),IF($E70=$O$13,RANDBETWEEN($O$14,$P$14),IF($E70=$O$16,RANDBETWEEN($O$17,$P$17),IF($E70=$O$19,RANDBETWEEN($O$20,$P$20),IF($E70=$O$22,RANDBETWEEN($O$23,$P$23),IF($E70=$O$25,RANDBETWEEN($O$26,$P$26),IF($E70=$O$28,RANDBETWEEN($O$29,$P$29),"0")))))))))) -> 127 | H70: =IF($E70=$O$1,RANDBETWEEN($O$2,$P$2),IF($E70=$O$4,RANDBETWEEN($O$5,$P$5),IF($E70=$O$7,RANDBETWEEN($O$8,$P$8),IF($E70=$O$10,RANDBETWEEN($O$11,$P$11),IF($E70=$O$13,RANDBETWEEN($O$14,$P$14),IF($E70=$O$16,RANDBETWEEN($O$17,$P$17),IF($E70=$O$19,RANDBETWEEN($O$20,$P$20),IF($E70=$O$22,RANDBETWEEN($O$23,$P$23),IF($E70=$O$25,RANDBETWEEN($O$26,$P$26),IF($E70=$O$28,RANDBETWEEN($O$29,$P$29),"0")))))))))) -> 135 | I70: =IF($E70=$O$1,RANDBETWEEN($O$2,$P$2),IF($E70=$O$4,RANDBETWEEN($O$5,$P$5),IF($E70=$O$7,RANDBETWEEN($O$8,$P$8),IF($E70=$O$10,RANDBETWEEN($O$11,$P$11),IF($E70=$O$13,RANDBETWEEN($O$14,$P$14),IF($E70=$O$16,RANDBETWEEN($O$17,$P$17),IF($E70=$O$19,RANDBETWEEN($O$20,$P$20),IF($E70=$O$22,RANDBETWEEN($O$23,$P$23),IF($E70=$O$25,RANDBETWEEN($O$26,$P$26),IF($E70=$O$28,RANDBETWEEN($O$29,$P$29),"0")))))))))) -> 138 | J70: =IF($E70=$O$1,RANDBETWEEN($O$2,$P$2),IF($E70=$O$4,RANDBETWEEN($O$5,$P$5),IF($E70=$O$7,RANDBETWEEN($O$8,$P$8),IF($E70=$O$10,RANDBETWEEN($O$11,$P$11),IF($E70=$O$13,RANDBETWEEN($O$14,$P$14),IF($E70=$O$16,RANDBETWEEN($O$17,$P$17),IF($E70=$O$19,RANDBETWEEN($O$20,$P$20),IF($E70=$O$22,RANDBETWEEN($O$23,$P$23),IF($E70=$O$25,RANDBETWEEN($O$26,$P$26),IF($E70=$O$28,RANDBETWEEN($O$29,$P$29),"0")))))))))) -> 133 | K70: =IF($E70=$O$1,RANDBETWEEN($O$2,$P$2),IF($E70=$O$4,RANDBETWEEN($O$5,$P$5),IF($E70=$O$7,RANDBETWEEN($O$8,$P$8),IF($E70=$O$10,RANDBETWEEN($O$11,$P$11),IF($E70=$O$13,RANDBETWEEN($O$14,$P$14),IF($E70=$O$16,RANDBETWEEN($O$17,$P$17),IF($E70=$O$19,RANDBETWEEN($O$20,$P$20),IF($E70=$O$22,RANDBETWEEN($O$23,$P$23),IF($E70=$O$25,RANDBETWEEN($O$26,$P$26),IF($E70=$O$28,RANDBETWEEN($O$29,$P$29),"0")))))))))) -> 141
A71: ='1 шаблон'!A164 -> 0 | B71: ='1 шаблон'!A165 -> 0 | C71: ='1 шаблон'!B164 -> 0 | D71: ='1 шаблон'!C164 -> 0 | E71: =O4 -> Сталь 10 | F71: =IF($E71=$O$1,RANDBETWEEN($O$2,$P$2),IF($E71=$O$4,RANDBETWEEN($O$5,$P$5),IF($E71=$O$7,RANDBETWEEN($O$8,$P$8),IF($E71=$O$10,RANDBETWEEN($O$11,$P$11),IF($E71=$O$13,RANDBETWEEN($O$14,$P$14),IF($E71=$O$16,RANDBETWEEN($O$17,$P$17),IF($E71=$O$19,RANDBETWEEN($O$20,$P$20),IF($E71=$O$22,RANDBETWEEN($O$23,$P$23),IF($E71=$O$25,RANDBETWEEN($O$26,$P$26),IF($E71=$O$28,RANDBETWEEN($O$29,$P$29),"0")))))))))) -> 126 | G71: =IF($E71=$O$1,RANDBETWEEN($O$2,$P$2),IF($E71=$O$4,RANDBETWEEN($O$5,$P$5),IF($E71=$O$7,RANDBETWEEN($O$8,$P$8),IF($E71=$O$10,RANDBETWEEN($O$11,$P$11),IF($E71=$O$13,RANDBETWEEN($O$14,$P$14),IF($E71=$O$16,RANDBETWEEN($O$17,$P$17),IF($E71=$O$19,RANDBETWEEN($O$20,$P$20),IF($E71=$O$22,RANDBETWEEN($O$23,$P$23),IF($E71=$O$25,RANDBETWEEN($O$26,$P$26),IF($E71=$O$28,RANDBETWEEN($O$29,$P$29),"0")))))))))) -> 131 | H71: =IF($E71=$O$1,RANDBETWEEN($O$2,$P$2),IF($E71=$O$4,RANDBETWEEN($O$5,$P$5),IF($E71=$O$7,RANDBETWEEN($O$8,$P$8),IF($E71=$O$10,RANDBETWEEN($O$11,$P$11),IF($E71=$O$13,RANDBETWEEN($O$14,$P$14),IF($E71=$O$16,RANDBETWEEN($O$17,$P$17),IF($E71=$O$19,RANDBETWEEN($O$20,$P$20),IF($E71=$O$22,RANDBETWEEN($O$23,$P$23),IF($E71=$O$25,RANDBETWEEN($O$26,$P$26),IF($E71=$O$28,RANDBETWEEN($O$29,$P$29),"0")))))))))) -> 132 | I71: =IF($E71=$O$1,RANDBETWEEN($O$2,$P$2),IF($E71=$O$4,RANDBETWEEN($O$5,$P$5),IF($E71=$O$7,RANDBETWEEN($O$8,$P$8),IF($E71=$O$10,RANDBETWEEN($O$11,$P$11),IF($E71=$O$13,RANDBETWEEN($O$14,$P$14),IF($E71=$O$16,RANDBETWEEN($O$17,$P$17),IF($E71=$O$19,RANDBETWEEN($O$20,$P$20),IF($E71=$O$22,RANDBETWEEN($O$23,$P$23),IF($E71=$O$25,RANDBETWEEN($O$26,$P$26),IF($E71=$O$28,RANDBETWEEN($O$29,$P$29),"0")))))))))) -> 135 | J71: =IF($E71=$O$1,RANDBETWEEN($O$2,$P$2),IF($E71=$O$4,RANDBETWEEN($O$5,$P$5),IF($E71=$O$7,RANDBETWEEN($O$8,$P$8),IF($E71=$O$10,RANDBETWEEN($O$11,$P$11),IF($E71=$O$13,RANDBETWEEN($O$14,$P$14),IF($E71=$O$16,RANDBETWEEN($O$17,$P$17),IF($E71=$O$19,RANDBETWEEN($O$20,$P$20),IF($E71=$O$22,RANDBETWEEN($O$23,$P$23),IF($E71=$O$25,RANDBETWEEN($O$26,$P$26),IF($E71=$O$28,RANDBETWEEN($O$29,$P$29),"0")))))))))) -> 130 | K71: =IF($E71=$O$1,RANDBETWEEN($O$2,$P$2),IF($E71=$O$4,RANDBETWEEN($O$5,$P$5),IF($E71=$O$7,RANDBETWEEN($O$8,$P$8),IF($E71=$O$10,RANDBETWEEN($O$11,$P$11),IF($E71=$O$13,RANDBETWEEN($O$14,$P$14),IF($E71=$O$16,RANDBETWEEN($O$17,$P$17),IF($E71=$O$19,RANDBETWEEN($O$20,$P$20),IF($E71=$O$22,RANDBETWEEN($O$23,$P$23),IF($E71=$O$25,RANDBETWEEN($O$26,$P$26),IF($E71=$O$28,RANDBETWEEN($O$29,$P$29),"0")))))))))) -> 131
A72: ='1 шаблон'!A167 -> 0 | B72: ='1 шаблон'!A168 -> 0 | C72: ='1 шаблон'!B167 -> 0 | D72: ='1 шаблон'!C167 -> 0 | E72: =O4 -> Сталь 10 | F72: =IF($E72=$O$1,RANDBETWEEN($O$2,$P$2),IF($E72=$O$4,RANDBETWEEN($O$5,$P$5),IF($E72=$O$7,RANDBETWEEN($O$8,$P$8),IF($E72=$O$10,RANDBETWEEN($O$11,$P$11),IF($E72=$O$13,RANDBETWEEN($O$14,$P$14),IF($E72=$O$16,RANDBETWEEN($O$17,$P$17),IF($E72=$O$19,RANDBETWEEN($O$20,$P$20),IF($E72=$O$22,RANDBETWEEN($O$23,$P$23),IF($E72=$O$25,RANDBETWEEN($O$26,$P$26),IF($E72=$O$28,RANDBETWEEN($O$29,$P$29),"0")))))))))) -> 133 | G72: =IF($E72=$O$1,RANDBETWEEN($O$2,$P$2),IF($E72=$O$4,RANDBETWEEN($O$5,$P$5),IF($E72=$O$7,RANDBETWEEN($O$8,$P$8),IF($E72=$O$10,RANDBETWEEN($O$11,$P$11),IF($E72=$O$13,RANDBETWEEN($O$14,$P$14),IF($E72=$O$16,RANDBETWEEN($O$17,$P$17),IF($E72=$O$19,RANDBETWEEN($O$20,$P$20),IF($E72=$O$22,RANDBETWEEN($O$23,$P$23),IF($E72=$O$25,RANDBETWEEN($O$26,$P$26),IF($E72=$O$28,RANDBETWEEN($O$29,$P$29),"0")))))))))) -> 125 | H72: =IF($E72=$O$1,RANDBETWEEN($O$2,$P$2),IF($E72=$O$4,RANDBETWEEN($O$5,$P$5),IF($E72=$O$7,RANDBETWEEN($O$8,$P$8),IF($E72=$O$10,RANDBETWEEN($O$11,$P$11),IF($E72=$O$13,RANDBETWEEN($O$14,$P$14),IF($E72=$O$16,RANDBETWEEN($O$17,$P$17),IF($E72=$O$19,RANDBETWEEN($O$20,$P$20),IF($E72=$O$22,RANDBETWEEN($O$23,$P$23),IF($E72=$O$25,RANDBETWEEN($O$26,$P$26),IF($E72=$O$28,RANDBETWEEN($O$29,$P$29),"0")))))))))) -> 136 | I72: =IF($E72=$O$1,RANDBETWEEN($O$2,$P$2),IF($E72=$O$4,RANDBETWEEN($O$5,$P$5),IF($E72=$O$7,RANDBETWEEN($O$8,$P$8),IF($E72=$O$10,RANDBETWEEN($O$11,$P$11),IF($E72=$O$13,RANDBETWEEN($O$14,$P$14),IF($E72=$O$16,RANDBETWEEN($O$17,$P$17),IF($E72=$O$19,RANDBETWEEN($O$20,$P$20),IF($E72=$O$22,RANDBETWEEN($O$23,$P$23),IF($E72=$O$25,RANDBETWEEN($O$26,$P$26),IF($E72=$O$28,RANDBETWEEN($O$29,$P$29),"0")))))))))) -> 130 | J72: =IF($E72=$O$1,RANDBETWEEN($O$2,$P$2),IF($E72=$O$4,RANDBETWEEN($O$5,$P$5),IF($E72=$O$7,RANDBETWEEN($O$8,$P$8),IF($E72=$O$10,RANDBETWEEN($O$11,$P$11),IF($E72=$O$13,RANDBETWEEN($O$14,$P$14),IF($E72=$O$16,RANDBETWEEN($O$17,$P$17),IF($E72=$O$19,RANDBETWEEN($O$20,$P$20),IF($E72=$O$22,RANDBETWEEN($O$23,$P$23),IF($E72=$O$25,RANDBETWEEN($O$26,$P$26),IF($E72=$O$28,RANDBETWEEN($O$29,$P$29),"0")))))))))) -> 134 | K72: =IF($E72=$O$1,RANDBETWEEN($O$2,$P$2),IF($E72=$O$4,RANDBETWEEN($O$5,$P$5),IF($E72=$O$7,RANDBETWEEN($O$8,$P$8),IF($E72=$O$10,RANDBETWEEN($O$11,$P$11),IF($E72=$O$13,RANDBETWEEN($O$14,$P$14),IF($E72=$O$16,RANDBETWEEN($O$17,$P$17),IF($E72=$O$19,RANDBETWEEN($O$20,$P$20),IF($E72=$O$22,RANDBETWEEN($O$23,$P$23),IF($E72=$O$25,RANDBETWEEN($O$26,$P$26),IF($E72=$O$28,RANDBETWEEN($O$29,$P$29),"0")))))))))) -> 141
A73: ='1 шаблон'!A170 -> 0 | B73: ='1 шаблон'!A171 -> 0 | C73: ='1 шаблон'!B170 -> 0 | D73: ='1 шаблон'!C170 -> 0 | E73: =O4 -> Сталь 10 | F73: =IF($E73=$O$1,RANDBETWEEN($O$2,$P$2),IF($E73=$O$4,RANDBETWEEN($O$5,$P$5),IF($E73=$O$7,RANDBETWEEN($O$8,$P$8),IF($E73=$O$10,RANDBETWEEN($O$11,$P$11),IF($E73=$O$13,RANDBETWEEN($O$14,$P$14),IF($E73=$O$16,RANDBETWEEN($O$17,$P$17),IF($E73=$O$19,RANDBETWEEN($O$20,$P$20),IF($E73=$O$22,RANDBETWEEN($O$23,$P$23),IF($E73=$O$25,RANDBETWEEN($O$26,$P$26),IF($E73=$O$28,RANDBETWEEN($O$29,$P$29),"0")))))))))) -> 128 | G73: =IF($E73=$O$1,RANDBETWEEN($O$2,$P$2),IF($E73=$O$4,RANDBETWEEN($O$5,$P$5),IF($E73=$O$7,RANDBETWEEN($O$8,$P$8),IF($E73=$O$10,RANDBETWEEN($O$11,$P$11),IF($E73=$O$13,RANDBETWEEN($O$14,$P$14),IF($E73=$O$16,RANDBETWEEN($O$17,$P$17),IF($E73=$O$19,RANDBETWEEN($O$20,$P$20),IF($E73=$O$22,RANDBETWEEN($O$23,$P$23),IF($E73=$O$25,RANDBETWEEN($O$26,$P$26),IF($E73=$O$28,RANDBETWEEN($O$29,$P$29),"0")))))))))) -> 143 | H73: =IF($E73=$O$1,RANDBETWEEN($O$2,$P$2),IF($E73=$O$4,RANDBETWEEN($O$5,$P$5),IF($E73=$O$7,RANDBETWEEN($O$8,$P$8),IF($E73=$O$10,RANDBETWEEN($O$11,$P$11),IF($E73=$O$13,RANDBETWEEN($O$14,$P$14),IF($E73=$O$16,RANDBETWEEN($O$17,$P$17),IF($E73=$O$19,RANDBETWEEN($O$20,$P$20),IF($E73=$O$22,RANDBETWEEN($O$23,$P$23),IF($E73=$O$25,RANDBETWEEN($O$26,$P$26),IF($E73=$O$28,RANDBETWEEN($O$29,$P$29),"0")))))))))) -> 138 | I73: =IF($E73=$O$1,RANDBETWEEN($O$2,$P$2),IF($E73=$O$4,RANDBETWEEN($O$5,$P$5),IF($E73=$O$7,RANDBETWEEN($O$8,$P$8),IF($E73=$O$10,RANDBETWEEN($O$11,$P$11),IF($E73=$O$13,RANDBETWEEN($O$14,$P$14),IF($E73=$O$16,RANDBETWEEN($O$17,$P$17),IF($E73=$O$19,RANDBETWEEN($O$20,$P$20),IF($E73=$O$22,RANDBETWEEN($O$23,$P$23),IF($E73=$O$25,RANDBETWEEN($O$26,$P$26),IF($E73=$O$28,RANDBETWEEN($O$29,$P$29),"0")))))))))) -> 138 | J73: =IF($E73=$O$1,RANDBETWEEN($O$2,$P$2),IF($E73=$O$4,RANDBETWEEN($O$5,$P$5),IF($E73=$O$7,RANDBETWEEN($O$8,$P$8),IF($E73=$O$10,RANDBETWEEN($O$11,$P$11),IF($E73=$O$13,RANDBETWEEN($O$14,$P$14),IF($E73=$O$16,RANDBETWEEN($O$17,$P$17),IF($E73=$O$19,RANDBETWEEN($O$20,$P$20),IF($E73=$O$22,RANDBETWEEN($O$23,$P$23),IF($E73=$O$25,RANDBETWEEN($O$26,$P$26),IF($E73=$O$28,RANDBETWEEN($O$29,$P$29),"0")))))))))) -> 128 | K73: =IF($E73=$O$1,RANDBETWEEN($O$2,$P$2),IF($E73=$O$4,RANDBETWEEN($O$5,$P$5),IF($E73=$O$7,RANDBETWEEN($O$8,$P$8),IF($E73=$O$10,RANDBETWEEN($O$11,$P$11),IF($E73=$O$13,RANDBETWEEN($O$14,$P$14),IF($E73=$O$16,RANDBETWEEN($O$17,$P$17),IF($E73=$O$19,RANDBETWEEN($O$20,$P$20),IF($E73=$O$22,RANDBETWEEN($O$23,$P$23),IF($E73=$O$25,RANDBETWEEN($O$26,$P$26),IF($E73=$O$28,RANDBETWEEN($O$29,$P$29),"0")))))))))) -> 136
A74: ='1 шаблон'!A173 -> 0 | B74: ='1 шаблон'!A174 -> 0 | C74: ='1 шаблон'!B173 -> 0 | D74: ='1 шаблон'!C173 -> 0 | E74: =O4 -> Сталь 10 | F74: =IF($E74=$O$1,RANDBETWEEN($O$2,$P$2),IF($E74=$O$4,RANDBETWEEN($O$5,$P$5),IF($E74=$O$7,RANDBETWEEN($O$8,$P$8),IF($E74=$O$10,RANDBETWEEN($O$11,$P$11),IF($E74=$O$13,RANDBETWEEN($O$14,$P$14),IF($E74=$O$16,RANDBETWEEN($O$17,$P$17),IF($E74=$O$19,RANDBETWEEN($O$20,$P$20),IF($E74=$O$22,RANDBETWEEN($O$23,$P$23),IF($E74=$O$25,RANDBETWEEN($O$26,$P$26),IF($E74=$O$28,RANDBETWEEN($O$29,$P$29),"0")))))))))) -> 138 | G74: =IF($E74=$O$1,RANDBETWEEN($O$2,$P$2),IF($E74=$O$4,RANDBETWEEN($O$5,$P$5),IF($E74=$O$7,RANDBETWEEN($O$8,$P$8),IF($E74=$O$10,RANDBETWEEN($O$11,$P$11),IF($E74=$O$13,RANDBETWEEN($O$14,$P$14),IF($E74=$O$16,RANDBETWEEN($O$17,$P$17),IF($E74=$O$19,RANDBETWEEN($O$20,$P$20),IF($E74=$O$22,RANDBETWEEN($O$23,$P$23),IF($E74=$O$25,RANDBETWEEN($O$26,$P$26),IF($E74=$O$28,RANDBETWEEN($O$29,$P$29),"0")))))))))) -> 140 | H74: =IF($E74=$O$1,RANDBETWEEN($O$2,$P$2),IF($E74=$O$4,RANDBETWEEN($O$5,$P$5),IF($E74=$O$7,RANDBETWEEN($O$8,$P$8),IF($E74=$O$10,RANDBETWEEN($O$11,$P$11),IF($E74=$O$13,RANDBETWEEN($O$14,$P$14),IF($E74=$O$16,RANDBETWEEN($O$17,$P$17),IF($E74=$O$19,RANDBETWEEN($O$20,$P$20),IF($E74=$O$22,RANDBETWEEN($O$23,$P$23),IF($E74=$O$25,RANDBETWEEN($O$26,$P$26),IF($E74=$O$28,RANDBETWEEN($O$29,$P$29),"0")))))))))) -> 130 | I74: =IF($E74=$O$1,RANDBETWEEN($O$2,$P$2),IF($E74=$O$4,RANDBETWEEN($O$5,$P$5),IF($E74=$O$7,RANDBETWEEN($O$8,$P$8),IF($E74=$O$10,RANDBETWEEN($O$11,$P$11),IF($E74=$O$13,RANDBETWEEN($O$14,$P$14),IF($E74=$O$16,RANDBETWEEN($O$17,$P$17),IF($E74=$O$19,RANDBETWEEN($O$20,$P$20),IF($E74=$O$22,RANDBETWEEN($O$23,$P$23),IF($E74=$O$25,RANDBETWEEN($O$26,$P$26),IF($E74=$O$28,RANDBETWEEN($O$29,$P$29),"0")))))))))) -> 131 | J74: =IF($E74=$O$1,RANDBETWEEN($O$2,$P$2),IF($E74=$O$4,RANDBETWEEN($O$5,$P$5),IF($E74=$O$7,RANDBETWEEN($O$8,$P$8),IF($E74=$O$10,RANDBETWEEN($O$11,$P$11),IF($E74=$O$13,RANDBETWEEN($O$14,$P$14),IF($E74=$O$16,RANDBETWEEN($O$17,$P$17),IF($E74=$O$19,RANDBETWEEN($O$20,$P$20),IF($E74=$O$22,RANDBETWEEN($O$23,$P$23),IF($E74=$O$25,RANDBETWEEN($O$26,$P$26),IF($E74=$O$28,RANDBETWEEN($O$29,$P$29),"0")))))))))) -> 141 | K74: =IF($E74=$O$1,RANDBETWEEN($O$2,$P$2),IF($E74=$O$4,RANDBETWEEN($O$5,$P$5),IF($E74=$O$7,RANDBETWEEN($O$8,$P$8),IF($E74=$O$10,RANDBETWEEN($O$11,$P$11),IF($E74=$O$13,RANDBETWEEN($O$14,$P$14),IF($E74=$O$16,RANDBETWEEN($O$17,$P$17),IF($E74=$O$19,RANDBETWEEN($O$20,$P$20),IF($E74=$O$22,RANDBETWEEN($O$23,$P$23),IF($E74=$O$25,RANDBETWEEN($O$26,$P$26),IF($E74=$O$28,RANDBETWEEN($O$29,$P$29),"0")))))))))) -> 134
A75: ='1 шаблон'!A176 -> 0 | B75: ='1 шаблон'!A177 -> 0 | C75: ='1 шаблон'!B176 -> 0 | D75: ='1 шаблон'!C176 -> 0 | E75: =O4 -> Сталь 10 | F75: =IF($E75=$O$1,RANDBETWEEN($O$2,$P$2),IF($E75=$O$4,RANDBETWEEN($O$5,$P$5),IF($E75=$O$7,RANDBETWEEN($O$8,$P$8),IF($E75=$O$10,RANDBETWEEN($O$11,$P$11),IF($E75=$O$13,RANDBETWEEN($O$14,$P$14),IF($E75=$O$16,RANDBETWEEN($O$17,$P$17),IF($E75=$O$19,RANDBETWEEN($O$20,$P$20),IF($E75=$O$22,RANDBETWEEN($O$23,$P$23),IF($E75=$O$25,RANDBETWEEN($O$26,$P$26),IF($E75=$O$28,RANDBETWEEN($O$29,$P$29),"0")))))))))) -> 134 | G75: =IF($E75=$O$1,RANDBETWEEN($O$2,$P$2),IF($E75=$O$4,RANDBETWEEN($O$5,$P$5),IF($E75=$O$7,RANDBETWEEN($O$8,$P$8),IF($E75=$O$10,RANDBETWEEN($O$11,$P$11),IF($E75=$O$13,RANDBETWEEN($O$14,$P$14),IF($E75=$O$16,RANDBETWEEN($O$17,$P$17),IF($E75=$O$19,RANDBETWEEN($O$20,$P$20),IF($E75=$O$22,RANDBETWEEN($O$23,$P$23),IF($E75=$O$25,RANDBETWEEN($O$26,$P$26),IF($E75=$O$28,RANDBETWEEN($O$29,$P$29),"0")))))))))) -> 140 | H75: =IF($E75=$O$1,RANDBETWEEN($O$2,$P$2),IF($E75=$O$4,RANDBETWEEN($O$5,$P$5),IF($E75=$O$7,RANDBETWEEN($O$8,$P$8),IF($E75=$O$10,RANDBETWEEN($O$11,$P$11),IF($E75=$O$13,RANDBETWEEN($O$14,$P$14),IF($E75=$O$16,RANDBETWEEN($O$17,$P$17),IF($E75=$O$19,RANDBETWEEN($O$20,$P$20),IF($E75=$O$22,RANDBETWEEN($O$23,$P$23),IF($E75=$O$25,RANDBETWEEN($O$26,$P$26),IF($E75=$O$28,RANDBETWEEN($O$29,$P$29),"0")))))))))) -> 131 | I75: =IF($E75=$O$1,RANDBETWEEN($O$2,$P$2),IF($E75=$O$4,RANDBETWEEN($O$5,$P$5),IF($E75=$O$7,RANDBETWEEN($O$8,$P$8),IF($E75=$O$10,RANDBETWEEN($O$11,$P$11),IF($E75=$O$13,RANDBETWEEN($O$14,$P$14),IF($E75=$O$16,RANDBETWEEN($O$17,$P$17),IF($E75=$O$19,RANDBETWEEN($O$20,$P$20),IF($E75=$O$22,RANDBETWEEN($O$23,$P$23),IF($E75=$O$25,RANDBETWEEN($O$26,$P$26),IF($E75=$O$28,RANDBETWEEN($O$29,$P$29),"0")))))))))) -> 131 | J75: =IF($E75=$O$1,RANDBETWEEN($O$2,$P$2),IF($E75=$O$4,RANDBETWEEN($O$5,$P$5),IF($E75=$O$7,RANDBETWEEN($O$8,$P$8),IF($E75=$O$10,RANDBETWEEN($O$11,$P$11),IF($E75=$O$13,RANDBETWEEN($O$14,$P$14),IF($E75=$O$16,RANDBETWEEN($O$17,$P$17),IF($E75=$O$19,RANDBETWEEN($O$20,$P$20),IF($E75=$O$22,RANDBETWEEN($O$23,$P$23),IF($E75=$O$25,RANDBETWEEN($O$26,$P$26),IF($E75=$O$28,RANDBETWEEN($O$29,$P$29),"0")))))))))) -> 128 | K75: =IF($E75=$O$1,RANDBETWEEN($O$2,$P$2),IF($E75=$O$4,RANDBETWEEN($O$5,$P$5),IF($E75=$O$7,RANDBETWEEN($O$8,$P$8),IF($E75=$O$10,RANDBETWEEN($O$11,$P$11),IF($E75=$O$13,RANDBETWEEN($O$14,$P$14),IF($E75=$O$16,RANDBETWEEN($O$17,$P$17),IF($E75=$O$19,RANDBETWEEN($O$20,$P$20),IF($E75=$O$22,RANDBETWEEN($O$23,$P$23),IF($E75=$O$25,RANDBETWEEN($O$26,$P$26),IF($E75=$O$28,RANDBETWEEN($O$29,$P$29),"0")))))))))) -> 128
A76: ='1 шаблон'!A179 -> 0 | B76: ='1 шаблон'!A180 -> 0 | C76: ='1 шаблон'!B179 -> 0 | D76: ='1 шаблон'!C179 -> 0 | E76: =O4 -> Сталь 10 | F76: =IF($E76=$O$1,RANDBETWEEN($O$2,$P$2),IF($E76=$O$4,RANDBETWEEN($O$5,$P$5),IF($E76=$O$7,RANDBETWEEN($O$8,$P$8),IF($E76=$O$10,RANDBETWEEN($O$11,$P$11),IF($E76=$O$13,RANDBETWEEN($O$14,$P$14),IF($E76=$O$16,RANDBETWEEN($O$17,$P$17),IF($E76=$O$19,RANDBETWEEN($O$20,$P$20),IF($E76=$O$22,RANDBETWEEN($O$23,$P$23),IF($E76=$O$25,RANDBETWEEN($O$26,$P$26),IF($E76=$O$28,RANDBETWEEN($O$29,$P$29),"0")))))))))) -> 125 | G76: =IF($E76=$O$1,RANDBETWEEN($O$2,$P$2),IF($E76=$O$4,RANDBETWEEN($O$5,$P$5),IF($E76=$O$7,RANDBETWEEN($O$8,$P$8),IF($E76=$O$10,RANDBETWEEN($O$11,$P$11),IF($E76=$O$13,RANDBETWEEN($O$14,$P$14),IF($E76=$O$16,RANDBETWEEN($O$17,$P$17),IF($E76=$O$19,RANDBETWEEN($O$20,$P$20),IF($E76=$O$22,RANDBETWEEN($O$23,$P$23),IF($E76=$O$25,RANDBETWEEN($O$26,$P$26),IF($E76=$O$28,RANDBETWEEN($O$29,$P$29),"0")))))))))) -> 136 | H76: =IF($E76=$O$1,RANDBETWEEN($O$2,$P$2),IF($E76=$O$4,RANDBETWEEN($O$5,$P$5),IF($E76=$O$7,RANDBETWEEN($O$8,$P$8),IF($E76=$O$10,RANDBETWEEN($O$11,$P$11),IF($E76=$O$13,RANDBETWEEN($O$14,$P$14),IF($E76=$O$16,RANDBETWEEN($O$17,$P$17),IF($E76=$O$19,RANDBETWEEN($O$20,$P$20),IF($E76=$O$22,RANDBETWEEN($O$23,$P$23),IF($E76=$O$25,RANDBETWEEN($O$26,$P$26),IF($E76=$O$28,RANDBETWEEN($O$29,$P$29),"0")))))))))) -> 141 | I76: =IF($E76=$O$1,RANDBETWEEN($O$2,$P$2),IF($E76=$O$4,RANDBETWEEN($O$5,$P$5),IF($E76=$O$7,RANDBETWEEN($O$8,$P$8),IF($E76=$O$10,RANDBETWEEN($O$11,$P$11),IF($E76=$O$13,RANDBETWEEN($O$14,$P$14),IF($E76=$O$16,RANDBETWEEN($O$17,$P$17),IF($E76=$O$19,RANDBETWEEN($O$20,$P$20),IF($E76=$O$22,RANDBETWEEN($O$23,$P$23),IF($E76=$O$25,RANDBETWEEN($O$26,$P$26),IF($E76=$O$28,RANDBETWEEN($O$29,$P$29),"0")))))))))) -> 132 | J76: =IF($E76=$O$1,RANDBETWEEN($O$2,$P$2),IF($E76=$O$4,RANDBETWEEN($O$5,$P$5),IF($E76=$O$7,RANDBETWEEN($O$8,$P$8),IF($E76=$O$10,RANDBETWEEN($O$11,$P$11),IF($E76=$O$13,RANDBETWEEN($O$14,$P$14),IF($E76=$O$16,RANDBETWEEN($O$17,$P$17),IF($E76=$O$19,RANDBETWEEN($O$20,$P$20),IF($E76=$O$22,RANDBETWEEN($O$23,$P$23),IF($E76=$O$25,RANDBETWEEN($O$26,$P$26),IF($E76=$O$28,RANDBETWEEN($O$29,$P$29),"0")))))))))) -> 141 | K76: =IF($E76=$O$1,RANDBETWEEN($O$2,$P$2),IF($E76=$O$4,RANDBETWEEN($O$5,$P$5),IF($E76=$O$7,RANDBETWEEN($O$8,$P$8),IF($E76=$O$10,RANDBETWEEN($O$11,$P$11),IF($E76=$O$13,RANDBETWEEN($O$14,$P$14),IF($E76=$O$16,RANDBETWEEN($O$17,$P$17),IF($E76=$O$19,RANDBETWEEN($O$20,$P$20),IF($E76=$O$22,RANDBETWEEN($O$23,$P$23),IF($E76=$O$25,RANDBETWEEN($O$26,$P$26),IF($E76=$O$28,RANDBETWEEN($O$29,$P$29),"0")))))))))) -> 132
A77: ='1 шаблон'!A182 -> 0 | B77: ='1 шаблон'!A183 -> 0 | C77: ='1 шаблон'!B182 -> 0 | D77: ='1 шаблон'!C182 -> 0 | E77: =O4 -> Сталь 10 | F77: =IF($E77=$O$1,RANDBETWEEN($O$2,$P$2),IF($E77=$O$4,RANDBETWEEN($O$5,$P$5),IF($E77=$O$7,RANDBETWEEN($O$8,$P$8),IF($E77=$O$10,RANDBETWEEN($O$11,$P$11),IF($E77=$O$13,RANDBETWEEN($O$14,$P$14),IF($E77=$O$16,RANDBETWEEN($O$17,$P$17),IF($E77=$O$19,RANDBETWEEN($O$20,$P$20),IF($E77=$O$22,RANDBETWEEN($O$23,$P$23),IF($E77=$O$25,RANDBETWEEN($O$26,$P$26),IF($E77=$O$28,RANDBETWEEN($O$29,$P$29),"0")))))))))) -> 130 | G77: =IF($E77=$O$1,RANDBETWEEN($O$2,$P$2),IF($E77=$O$4,RANDBETWEEN($O$5,$P$5),IF($E77=$O$7,RANDBETWEEN($O$8,$P$8),IF($E77=$O$10,RANDBETWEEN($O$11,$P$11),IF($E77=$O$13,RANDBETWEEN($O$14,$P$14),IF($E77=$O$16,RANDBETWEEN($O$17,$P$17),IF($E77=$O$19,RANDBETWEEN($O$20,$P$20),IF($E77=$O$22,RANDBETWEEN($O$23,$P$23),IF($E77=$O$25,RANDBETWEEN($O$26,$P$26),IF($E77=$O$28,RANDBETWEEN($O$29,$P$29),"0")))))))))) -> 141 | H77: =IF($E77=$O$1,RANDBETWEEN($O$2,$P$2),IF($E77=$O$4,RANDBETWEEN($O$5,$P$5),IF($E77=$O$7,RANDBETWEEN($O$8,$P$8),IF($E77=$O$10,RANDBETWEEN($O$11,$P$11),IF($E77=$O$13,RANDBETWEEN($O$14,$P$14),IF($E77=$O$16,RANDBETWEEN($O$17,$P$17),IF($E77=$O$19,RANDBETWEEN($O$20,$P$20),IF($E77=$O$22,RANDBETWEEN($O$23,$P$23),IF($E77=$O$25,RANDBETWEEN($O$26,$P$26),IF($E77=$O$28,RANDBETWEEN($O$29,$P$29),"0")))))))))) -> 139 | I77: =IF($E77=$O$1,RANDBETWEEN($O$2,$P$2),IF($E77=$O$4,RANDBETWEEN($O$5,$P$5),IF($E77=$O$7,RANDBETWEEN($O$8,$P$8),IF($E77=$O$10,RANDBETWEEN($O$11,$P$11),IF($E77=$O$13,RANDBETWEEN($O$14,$P$14),IF($E77=$O$16,RANDBETWEEN($O$17,$P$17),IF($E77=$O$19,RANDBETWEEN($O$20,$P$20),IF($E77=$O$22,RANDBETWEEN($O$23,$P$23),IF($E77=$O$25,RANDBETWEEN($O$26,$P$26),IF($E77=$O$28,RANDBETWEEN($O$29,$P$29),"0")))))))))) -> 126 | J77: =IF($E77=$O$1,RANDBETWEEN($O$2,$P$2),IF($E77=$O$4,RANDBETWEEN($O$5,$P$5),IF($E77=$O$7,RANDBETWEEN($O$8,$P$8),IF($E77=$O$10,RANDBETWEEN($O$11,$P$11),IF($E77=$O$13,RANDBETWEEN($O$14,$P$14),IF($E77=$O$16,RANDBETWEEN($O$17,$P$17),IF($E77=$O$19,RANDBETWEEN($O$20,$P$20),IF($E77=$O$22,RANDBETWEEN($O$23,$P$23),IF($E77=$O$25,RANDBETWEEN($O$26,$P$26),IF($E77=$O$28,RANDBETWEEN($O$29,$P$29),"0")))))))))) -> 128 | K77: =IF($E77=$O$1,RANDBETWEEN($O$2,$P$2),IF($E77=$O$4,RANDBETWEEN($O$5,$P$5),IF($E77=$O$7,RANDBETWEEN($O$8,$P$8),IF($E77=$O$10,RANDBETWEEN($O$11,$P$11),IF($E77=$O$13,RANDBETWEEN($O$14,$P$14),IF($E77=$O$16,RANDBETWEEN($O$17,$P$17),IF($E77=$O$19,RANDBETWEEN($O$20,$P$20),IF($E77=$O$22,RANDBETWEEN($O$23,$P$23),IF($E77=$O$25,RANDBETWEEN($O$26,$P$26),IF($E77=$O$28,RANDBETWEEN($O$29,$P$29),"0")))))))))) -> 127
A78: ='1 шаблон'!A185 -> 0 | B78: ='1 шаблон'!A186 -> 0 | C78: ='1 шаблон'!B185 -> 0 | D78: ='1 шаблон'!C185 -> 0 | E78: =O4 -> Сталь 10 | F78: =IF($E78=$O$1,RANDBETWEEN($O$2,$P$2),IF($E78=$O$4,RANDBETWEEN($O$5,$P$5),IF($E78=$O$7,RANDBETWEEN($O$8,$P$8),IF($E78=$O$10,RANDBETWEEN($O$11,$P$11),IF($E78=$O$13,RANDBETWEEN($O$14,$P$14),IF($E78=$O$16,RANDBETWEEN($O$17,$P$17),IF($E78=$O$19,RANDBETWEEN($O$20,$P$20),IF($E78=$O$22,RANDBETWEEN($O$23,$P$23),IF($E78=$O$25,RANDBETWEEN($O$26,$P$26),IF($E78=$O$28,RANDBETWEEN($O$29,$P$29),"0")))))))))) -> 140 | G78: =IF($E78=$O$1,RANDBETWEEN($O$2,$P$2),IF($E78=$O$4,RANDBETWEEN($O$5,$P$5),IF($E78=$O$7,RANDBETWEEN($O$8,$P$8),IF($E78=$O$10,RANDBETWEEN($O$11,$P$11),IF($E78=$O$13,RANDBETWEEN($O$14,$P$14),IF($E78=$O$16,RANDBETWEEN($O$17,$P$17),IF($E78=$O$19,RANDBETWEEN($O$20,$P$20),IF($E78=$O$22,RANDBETWEEN($O$23,$P$23),IF($E78=$O$25,RANDBETWEEN($O$26,$P$26),IF($E78=$O$28,RANDBETWEEN($O$29,$P$29),"0")))))))))) -> 135 | H78: =IF($E78=$O$1,RANDBETWEEN($O$2,$P$2),IF($E78=$O$4,RANDBETWEEN($O$5,$P$5),IF($E78=$O$7,RANDBETWEEN($O$8,$P$8),IF($E78=$O$10,RANDBETWEEN($O$11,$P$11),IF($E78=$O$13,RANDBETWEEN($O$14,$P$14),IF($E78=$O$16,RANDBETWEEN($O$17,$P$17),IF($E78=$O$19,RANDBETWEEN($O$20,$P$20),IF($E78=$O$22,RANDBETWEEN($O$23,$P$23),IF($E78=$O$25,RANDBETWEEN($O$26,$P$26),IF($E78=$O$28,RANDBETWEEN($O$29,$P$29),"0")))))))))) -> 140 | I78: =IF($E78=$O$1,RANDBETWEEN($O$2,$P$2),IF($E78=$O$4,RANDBETWEEN($O$5,$P$5),IF($E78=$O$7,RANDBETWEEN($O$8,$P$8),IF($E78=$O$10,RANDBETWEEN($O$11,$P$11),IF($E78=$O$13,RANDBETWEEN($O$14,$P$14),IF($E78=$O$16,RANDBETWEEN($O$17,$P$17),IF($E78=$O$19,RANDBETWEEN($O$20,$P$20),IF($E78=$O$22,RANDBETWEEN($O$23,$P$23),IF($E78=$O$25,RANDBETWEEN($O$26,$P$26),IF($E78=$O$28,RANDBETWEEN($O$29,$P$29),"0")))))))))) -> 133 | J78: =IF($E78=$O$1,RANDBETWEEN($O$2,$P$2),IF($E78=$O$4,RANDBETWEEN($O$5,$P$5),IF($E78=$O$7,RANDBETWEEN($O$8,$P$8),IF($E78=$O$10,RANDBETWEEN($O$11,$P$11),IF($E78=$O$13,RANDBETWEEN($O$14,$P$14),IF($E78=$O$16,RANDBETWEEN($O$17,$P$17),IF($E78=$O$19,RANDBETWEEN($O$20,$P$20),IF($E78=$O$22,RANDBETWEEN($O$23,$P$23),IF($E78=$O$25,RANDBETWEEN($O$26,$P$26),IF($E78=$O$28,RANDBETWEEN($O$29,$P$29),"0")))))))))) -> 140 | K78: =IF($E78=$O$1,RANDBETWEEN($O$2,$P$2),IF($E78=$O$4,RANDBETWEEN($O$5,$P$5),IF($E78=$O$7,RANDBETWEEN($O$8,$P$8),IF($E78=$O$10,RANDBETWEEN($O$11,$P$11),IF($E78=$O$13,RANDBETWEEN($O$14,$P$14),IF($E78=$O$16,RANDBETWEEN($O$17,$P$17),IF($E78=$O$19,RANDBETWEEN($O$20,$P$20),IF($E78=$O$22,RANDBETWEEN($O$23,$P$23),IF($E78=$O$25,RANDBETWEEN($O$26,$P$26),IF($E78=$O$28,RANDBETWEEN($O$29,$P$29),"0")))))))))) -> 129
A79: ='1 шаблон'!A188 -> 0 | B79: ='1 шаблон'!A189 -> 0 | C79: ='1 шаблон'!B188 -> 0 | D79: ='1 шаблон'!C188 -> 0 | E79: =O4 -> Сталь 10 | F79: =IF($E79=$O$1,RANDBETWEEN($O$2,$P$2),IF($E79=$O$4,RANDBETWEEN($O$5,$P$5),IF($E79=$O$7,RANDBETWEEN($O$8,$P$8),IF($E79=$O$10,RANDBETWEEN($O$11,$P$11),IF($E79=$O$13,RANDBETWEEN($O$14,$P$14),IF($E79=$O$16,RANDBETWEEN($O$17,$P$17),IF($E79=$O$19,RANDBETWEEN($O$20,$P$20),IF($E79=$O$22,RANDBETWEEN($O$23,$P$23),IF($E79=$O$25,RANDBETWEEN($O$26,$P$26),IF($E79=$O$28,RANDBETWEEN($O$29,$P$29),"0")))))))))) -> 136 | G79: =IF($E79=$O$1,RANDBETWEEN($O$2,$P$2),IF($E79=$O$4,RANDBETWEEN($O$5,$P$5),IF($E79=$O$7,RANDBETWEEN($O$8,$P$8),IF($E79=$O$10,RANDBETWEEN($O$11,$P$11),IF($E79=$O$13,RANDBETWEEN($O$14,$P$14),IF($E79=$O$16,RANDBETWEEN($O$17,$P$17),IF($E79=$O$19,RANDBETWEEN($O$20,$P$20),IF($E79=$O$22,RANDBETWEEN($O$23,$P$23),IF($E79=$O$25,RANDBETWEEN($O$26,$P$26),IF($E79=$O$28,RANDBETWEEN($O$29,$P$29),"0")))))))))) -> 128 | H79: =IF($E79=$O$1,RANDBETWEEN($O$2,$P$2),IF($E79=$O$4,RANDBETWEEN($O$5,$P$5),IF($E79=$O$7,RANDBETWEEN($O$8,$P$8),IF($E79=$O$10,RANDBETWEEN($O$11,$P$11),IF($E79=$O$13,RANDBETWEEN($O$14,$P$14),IF($E79=$O$16,RANDBETWEEN($O$17,$P$17),IF($E79=$O$19,RANDBETWEEN($O$20,$P$20),IF($E79=$O$22,RANDBETWEEN($O$23,$P$23),IF($E79=$O$25,RANDBETWEEN($O$26,$P$26),IF($E79=$O$28,RANDBETWEEN($O$29,$P$29),"0")))))))))) -> 131 | I79: =IF($E79=$O$1,RANDBETWEEN($O$2,$P$2),IF($E79=$O$4,RANDBETWEEN($O$5,$P$5),IF($E79=$O$7,RANDBETWEEN($O$8,$P$8),IF($E79=$O$10,RANDBETWEEN($O$11,$P$11),IF($E79=$O$13,RANDBETWEEN($O$14,$P$14),IF($E79=$O$16,RANDBETWEEN($O$17,$P$17),IF($E79=$O$19,RANDBETWEEN($O$20,$P$20),IF($E79=$O$22,RANDBETWEEN($O$23,$P$23),IF($E79=$O$25,RANDBETWEEN($O$26,$P$26),IF($E79=$O$28,RANDBETWEEN($O$29,$P$29),"0")))))))))) -> 142 | J79: =IF($E79=$O$1,RANDBETWEEN($O$2,$P$2),IF($E79=$O$4,RANDBETWEEN($O$5,$P$5),IF($E79=$O$7,RANDBETWEEN($O$8,$P$8),IF($E79=$O$10,RANDBETWEEN($O$11,$P$11),IF($E79=$O$13,RANDBETWEEN($O$14,$P$14),IF($E79=$O$16,RANDBETWEEN($O$17,$P$17),IF($E79=$O$19,RANDBETWEEN($O$20,$P$20),IF($E79=$O$22,RANDBETWEEN($O$23,$P$23),IF($E79=$O$25,RANDBETWEEN($O$26,$P$26),IF($E79=$O$28,RANDBETWEEN($O$29,$P$29),"0")))))))))) -> 126 | K79: =IF($E79=$O$1,RANDBETWEEN($O$2,$P$2),IF($E79=$O$4,RANDBETWEEN($O$5,$P$5),IF($E79=$O$7,RANDBETWEEN($O$8,$P$8),IF($E79=$O$10,RANDBETWEEN($O$11,$P$11),IF($E79=$O$13,RANDBETWEEN($O$14,$P$14),IF($E79=$O$16,RANDBETWEEN($O$17,$P$17),IF($E79=$O$19,RANDBETWEEN($O$20,$P$20),IF($E79=$O$22,RANDBETWEEN($O$23,$P$23),IF($E79=$O$25,RANDBETWEEN($O$26,$P$26),IF($E79=$O$28,RANDBETWEEN($O$29,$P$29),"0")))))))))) -> 134
A80: ='1 шаблон'!A191 -> 0 | B80: ='1 шаблон'!A192 -> 0 | C80: ='1 шаблон'!B191 -> 0 | D80: ='1 шаблон'!C191 -> 0 | E80: =$O$1 -> Сталь 20 | F80: =IF($E80=$O$1,RANDBETWEEN($O$2,$P$2),IF($E80=$O$4,RANDBETWEEN($O$5,$P$5),IF($E80=$O$7,RANDBETWEEN($O$8,$P$8),IF($E80=$O$10,RANDBETWEEN($O$11,$P$11),IF($E80=$O$13,RANDBETWEEN($O$14,$P$14),IF($E80=$O$16,RANDBETWEEN($O$17,$P$17),IF($E80=$O$19,RANDBETWEEN($O$20,$P$20),IF($E80=$O$22,RANDBETWEEN($O$23,$P$23),IF($E80=$O$25,RANDBETWEEN($O$26,$P$26),IF($E80=$O$28,RANDBETWEEN($O$29,$P$29),"0")))))))))) -> 152 | G80: =IF($E80=$O$1,RANDBETWEEN($O$2,$P$2),IF($E80=$O$4,RANDBETWEEN($O$5,$P$5),IF($E80=$O$7,RANDBETWEEN($O$8,$P$8),IF($E80=$O$10,RANDBETWEEN($O$11,$P$11),IF($E80=$O$13,RANDBETWEEN($O$14,$P$14),IF($E80=$O$16,RANDBETWEEN($O$17,$P$17),IF($E80=$O$19,RANDBETWEEN($O$20,$P$20),IF($E80=$O$22,RANDBETWEEN($O$23,$P$23),IF($E80=$O$25,RANDBETWEEN($O$26,$P$26),IF($E80=$O$28,RANDBETWEEN($O$29,$P$29),"0")))))))))) -> 144 | H80: =IF($E80=$O$1,RANDBETWEEN($O$2,$P$2),IF($E80=$O$4,RANDBETWEEN($O$5,$P$5),IF($E80=$O$7,RANDBETWEEN($O$8,$P$8),IF($E80=$O$10,RANDBETWEEN($O$11,$P$11),IF($E80=$O$13,RANDBETWEEN($O$14,$P$14),IF($E80=$O$16,RANDBETWEEN($O$17,$P$17),IF($E80=$O$19,RANDBETWEEN($O$20,$P$20),IF($E80=$O$22,RANDBETWEEN($O$23,$P$23),IF($E80=$O$25,RANDBETWEEN($O$26,$P$26),IF($E80=$O$28,RANDBETWEEN($O$29,$P$29),"0")))))))))) -> 139 | I80: =IF($E80=$O$1,RANDBETWEEN($O$2,$P$2),IF($E80=$O$4,RANDBETWEEN($O$5,$P$5),IF($E80=$O$7,RANDBETWEEN($O$8,$P$8),IF($E80=$O$10,RANDBETWEEN($O$11,$P$11),IF($E80=$O$13,RANDBETWEEN($O$14,$P$14),IF($E80=$O$16,RANDBETWEEN($O$17,$P$17),IF($E80=$O$19,RANDBETWEEN($O$20,$P$20),IF($E80=$O$22,RANDBETWEEN($O$23,$P$23),IF($E80=$O$25,RANDBETWEEN($O$26,$P$26),IF($E80=$O$28,RANDBETWEEN($O$29,$P$29),"0")))))))))) -> 143 | J80: =IF($E80=$O$1,RANDBETWEEN($O$2,$P$2),IF($E80=$O$4,RANDBETWEEN($O$5,$P$5),IF($E80=$O$7,RANDBETWEEN($O$8,$P$8),IF($E80=$O$10,RANDBETWEEN($O$11,$P$11),IF($E80=$O$13,RANDBETWEEN($O$14,$P$14),IF($E80=$O$16,RANDBETWEEN($O$17,$P$17),IF($E80=$O$19,RANDBETWEEN($O$20,$P$20),IF($E80=$O$22,RANDBETWEEN($O$23,$P$23),IF($E80=$O$25,RANDBETWEEN($O$26,$P$26),IF($E80=$O$28,RANDBETWEEN($O$29,$P$29),"0")))))))))) -> 150 | K80: =IF($E80=$O$1,RANDBETWEEN($O$2,$P$2),IF($E80=$O$4,RANDBETWEEN($O$5,$P$5),IF($E80=$O$7,RANDBETWEEN($O$8,$P$8),IF($E80=$O$10,RANDBETWEEN($O$11,$P$11),IF($E80=$O$13,RANDBETWEEN($O$14,$P$14),IF($E80=$O$16,RANDBETWEEN($O$17,$P$17),IF($E80=$O$19,RANDBETWEEN($O$20,$P$20),IF($E80=$O$22,RANDBETWEEN($O$23,$P$23),IF($E80=$O$25,RANDBETWEEN($O$26,$P$26),IF($E80=$O$28,RANDBETWEEN($O$29,$P$29),"0")))))))))) -> 138
A81: ='1 шаблон'!A194 -> 0 | B81: ='1 шаблон'!A195 -> 0 | C81: ='1 шаблон'!B194 -> 0 | D81: ='1 шаблон'!C194 -> 0 | E81: =$O$1 -> Сталь 20 | F81: =IF($E81=$O$1,RANDBETWEEN($O$2,$P$2),IF($E81=$O$4,RANDBETWEEN($O$5,$P$5),IF($E81=$O$7,RANDBETWEEN($O$8,$P$8),IF($E81=$O$10,RANDBETWEEN($O$11,$P$11),IF($E81=$O$13,RANDBETWEEN($O$14,$P$14),IF($E81=$O$16,RANDBETWEEN($O$17,$P$17),IF($E81=$O$19,RANDBETWEEN($O$20,$P$20),IF($E81=$O$22,RANDBETWEEN($O$23,$P$23),IF($E81=$O$25,RANDBETWEEN($O$26,$P$26),IF($E81=$O$28,RANDBETWEEN($O$29,$P$29),"0")))))))))) -> 150 | G81: =IF($E81=$O$1,RANDBETWEEN($O$2,$P$2),IF($E81=$O$4,RANDBETWEEN($O$5,$P$5),IF($E81=$O$7,RANDBETWEEN($O$8,$P$8),IF($E81=$O$10,RANDBETWEEN($O$11,$P$11),IF($E81=$O$13,RANDBETWEEN($O$14,$P$14),IF($E81=$O$16,RANDBETWEEN($O$17,$P$17),IF($E81=$O$19,RANDBETWEEN($O$20,$P$20),IF($E81=$O$22,RANDBETWEEN($O$23,$P$23),IF($E81=$O$25,RANDBETWEEN($O$26,$P$26),IF($E81=$O$28,RANDBETWEEN($O$29,$P$29),"0")))))))))) -> 147 | H81: =IF($E81=$O$1,RANDBETWEEN($O$2,$P$2),IF($E81=$O$4,RANDBETWEEN($O$5,$P$5),IF($E81=$O$7,RANDBETWEEN($O$8,$P$8),IF($E81=$O$10,RANDBETWEEN($O$11,$P$11),IF($E81=$O$13,RANDBETWEEN($O$14,$P$14),IF($E81=$O$16,RANDBETWEEN($O$17,$P$17),IF($E81=$O$19,RANDBETWEEN($O$20,$P$20),IF($E81=$O$22,RANDBETWEEN($O$23,$P$23),IF($E81=$O$25,RANDBETWEEN($O$26,$P$26),IF($E81=$O$28,RANDBETWEEN($O$29,$P$29),"0")))))))))) -> 152 | I81: =IF($E81=$O$1,RANDBETWEEN($O$2,$P$2),IF($E81=$O$4,RANDBETWEEN($O$5,$P$5),IF($E81=$O$7,RANDBETWEEN($O$8,$P$8),IF($E81=$O$10,RANDBETWEEN($O$11,$P$11),IF($E81=$O$13,RANDBETWEEN($O$14,$P$14),IF($E81=$O$16,RANDBETWEEN($O$17,$P$17),IF($E81=$O$19,RANDBETWEEN($O$20,$P$20),IF($E81=$O$22,RANDBETWEEN($O$23,$P$23),IF($E81=$O$25,RANDBETWEEN($O$26,$P$26),IF($E81=$O$28,RANDBETWEEN($O$29,$P$29),"0")))))))))) -> 143 | J81: =IF($E81=$O$1,RANDBETWEEN($O$2,$P$2),IF($E81=$O$4,RANDBETWEEN($O$5,$P$5),IF($E81=$O$7,RANDBETWEEN($O$8,$P$8),IF($E81=$O$10,RANDBETWEEN($O$11,$P$11),IF($E81=$O$13,RANDBETWEEN($O$14,$P$14),IF($E81=$O$16,RANDBETWEEN($O$17,$P$17),IF($E81=$O$19,RANDBETWEEN($O$20,$P$20),IF($E81=$O$22,RANDBETWEEN($O$23,$P$23),IF($E81=$O$25,RANDBETWEEN($O$26,$P$26),IF($E81=$O$28,RANDBETWEEN($O$29,$P$29),"0")))))))))) -> 147 | K81: =IF($E81=$O$1,RANDBETWEEN($O$2,$P$2),IF($E81=$O$4,RANDBETWEEN($O$5,$P$5),IF($E81=$O$7,RANDBETWEEN($O$8,$P$8),IF($E81=$O$10,RANDBETWEEN($O$11,$P$11),IF($E81=$O$13,RANDBETWEEN($O$14,$P$14),IF($E81=$O$16,RANDBETWEEN($O$17,$P$17),IF($E81=$O$19,RANDBETWEEN($O$20,$P$20),IF($E81=$O$22,RANDBETWEEN($O$23,$P$23),IF($E81=$O$25,RANDBETWEEN($O$26,$P$26),IF($E81=$O$28,RANDBETWEEN($O$29,$P$29),"0")))))))))) -> 144
A82: ='1 шаблон'!A197 -> 0 | B82: ='1 шаблон'!A198 -> 0 | C82: ='1 шаблон'!B197 -> 0 | D82: ='1 шаблон'!C197 -> 0 | E82: =$O$1 -> Сталь 20 | F82: =IF($E82=$O$1,RANDBETWEEN($O$2,$P$2),IF($E82=$O$4,RANDBETWEEN($O$5,$P$5),IF($E82=$O$7,RANDBETWEEN($O$8,$P$8),IF($E82=$O$10,RANDBETWEEN($O$11,$P$11),IF($E82=$O$13,RANDBETWEEN($O$14,$P$14),IF($E82=$O$16,RANDBETWEEN($O$17,$P$17),IF($E82=$O$19,RANDBETWEEN($O$20,$P$20),IF($E82=$O$22,RANDBETWEEN($O$23,$P$23),IF($E82=$O$25,RANDBETWEEN($O$26,$P$26),IF($E82=$O$28,RANDBETWEEN($O$29,$P$29),"0")))))))))) -> 141 | G82: =IF($E82=$O$1,RANDBETWEEN($O$2,$P$2),IF($E82=$O$4,RANDBETWEEN($O$5,$P$5),IF($E82=$O$7,RANDBETWEEN($O$8,$P$8),IF($E82=$O$10,RANDBETWEEN($O$11,$P$11),IF($E82=$O$13,RANDBETWEEN($O$14,$P$14),IF($E82=$O$16,RANDBETWEEN($O$17,$P$17),IF($E82=$O$19,RANDBETWEEN($O$20,$P$20),IF($E82=$O$22,RANDBETWEEN($O$23,$P$23),IF($E82=$O$25,RANDBETWEEN($O$26,$P$26),IF($E82=$O$28,RANDBETWEEN($O$29,$P$29),"0")))))))))) -> 139 | H82: =IF($E82=$O$1,RANDBETWEEN($O$2,$P$2),IF($E82=$O$4,RANDBETWEEN($O$5,$P$5),IF($E82=$O$7,RANDBETWEEN($O$8,$P$8),IF($E82=$O$10,RANDBETWEEN($O$11,$P$11),IF($E82=$O$13,RANDBETWEEN($O$14,$P$14),IF($E82=$O$16,RANDBETWEEN($O$17,$P$17),IF($E82=$O$19,RANDBETWEEN($O$20,$P$20),IF($E82=$O$22,RANDBETWEEN($O$23,$P$23),IF($E82=$O$25,RANDBETWEEN($O$26,$P$26),IF($E82=$O$28,RANDBETWEEN($O$29,$P$29),"0")))))))))) -> 137 | I82: =IF($E82=$O$1,RANDBETWEEN($O$2,$P$2),IF($E82=$O$4,RANDBETWEEN($O$5,$P$5),IF($E82=$O$7,RANDBETWEEN($O$8,$P$8),IF($E82=$O$10,RANDBETWEEN($O$11,$P$11),IF($E82=$O$13,RANDBETWEEN($O$14,$P$14),IF($E82=$O$16,RANDBETWEEN($O$17,$P$17),IF($E82=$O$19,RANDBETWEEN($O$20,$P$20),IF($E82=$O$22,RANDBETWEEN($O$23,$P$23),IF($E82=$O$25,RANDBETWEEN($O$26,$P$26),IF($E82=$O$28,RANDBETWEEN($O$29,$P$29),"0")))))))))) -> 150 | J82: =IF($E82=$O$1,RANDBETWEEN($O$2,$P$2),IF($E82=$O$4,RANDBETWEEN($O$5,$P$5),IF($E82=$O$7,RANDBETWEEN($O$8,$P$8),IF($E82=$O$10,RANDBETWEEN($O$11,$P$11),IF($E82=$O$13,RANDBETWEEN($O$14,$P$14),IF($E82=$O$16,RANDBETWEEN($O$17,$P$17),IF($E82=$O$19,RANDBETWEEN($O$20,$P$20),IF($E82=$O$22,RANDBETWEEN($O$23,$P$23),IF($E82=$O$25,RANDBETWEEN($O$26,$P$26),IF($E82=$O$28,RANDBETWEEN($O$29,$P$29),"0")))))))))) -> 146 | K82: =IF($E82=$O$1,RANDBETWEEN($O$2,$P$2),IF($E82=$O$4,RANDBETWEEN($O$5,$P$5),IF($E82=$O$7,RANDBETWEEN($O$8,$P$8),IF($E82=$O$10,RANDBETWEEN($O$11,$P$11),IF($E82=$O$13,RANDBETWEEN($O$14,$P$14),IF($E82=$O$16,RANDBETWEEN($O$17,$P$17),IF($E82=$O$19,RANDBETWEEN($O$20,$P$20),IF($E82=$O$22,RANDBETWEEN($O$23,$P$23),IF($E82=$O$25,RANDBETWEEN($O$26,$P$26),IF($E82=$O$28,RANDBETWEEN($O$29,$P$29),"0")))))))))) -> 152
A83: ='1 шаблон'!A200 -> 0 | B83: ='1 шаблон'!A201 -> 0 | C83: ='1 шаблон'!B200 -> 0 | D83: ='1 шаблон'!C200 -> 0 | E83: =$O$1 -> Сталь 20 | F83: =IF($E83=$O$1,RANDBETWEEN($O$2,$P$2),IF($E83=$O$4,RANDBETWEEN($O$5,$P$5),IF($E83=$O$7,RANDBETWEEN($O$8,$P$8),IF($E83=$O$10,RANDBETWEEN($O$11,$P$11),IF($E83=$O$13,RANDBETWEEN($O$14,$P$14),IF($E83=$O$16,RANDBETWEEN($O$17,$P$17),IF($E83=$O$19,RANDBETWEEN($O$20,$P$20),IF($E83=$O$22,RANDBETWEEN($O$23,$P$23),IF($E83=$O$25,RANDBETWEEN($O$26,$P$26),IF($E83=$O$28,RANDBETWEEN($O$29,$P$29),"0")))))))))) -> 139 | G83: =IF($E83=$O$1,RANDBETWEEN($O$2,$P$2),IF($E83=$O$4,RANDBETWEEN($O$5,$P$5),IF($E83=$O$7,RANDBETWEEN($O$8,$P$8),IF($E83=$O$10,RANDBETWEEN($O$11,$P$11),IF($E83=$O$13,RANDBETWEEN($O$14,$P$14),IF($E83=$O$16,RANDBETWEEN($O$17,$P$17),IF($E83=$O$19,RANDBETWEEN($O$20,$P$20),IF($E83=$O$22,RANDBETWEEN($O$23,$P$23),IF($E83=$O$25,RANDBETWEEN($O$26,$P$26),IF($E83=$O$28,RANDBETWEEN($O$29,$P$29),"0")))))))))) -> 147 | H83: =IF($E83=$O$1,RANDBETWEEN($O$2,$P$2),IF($E83=$O$4,RANDBETWEEN($O$5,$P$5),IF($E83=$O$7,RANDBETWEEN($O$8,$P$8),IF($E83=$O$10,RANDBETWEEN($O$11,$P$11),IF($E83=$O$13,RANDBETWEEN($O$14,$P$14),IF($E83=$O$16,RANDBETWEEN($O$17,$P$17),IF($E83=$O$19,RANDBETWEEN($O$20,$P$20),IF($E83=$O$22,RANDBETWEEN($O$23,$P$23),IF($E83=$O$25,RANDBETWEEN($O$26,$P$26),IF($E83=$O$28,RANDBETWEEN($O$29,$P$29),"0")))))))))) -> 149 | I83: =IF($E83=$O$1,RANDBETWEEN($O$2,$P$2),IF($E83=$O$4,RANDBETWEEN($O$5,$P$5),IF($E83=$O$7,RANDBETWEEN($O$8,$P$8),IF($E83=$O$10,RANDBETWEEN($O$11,$P$11),IF($E83=$O$13,RANDBETWEEN($O$14,$P$14),IF($E83=$O$16,RANDBETWEEN($O$17,$P$17),IF($E83=$O$19,RANDBETWEEN($O$20,$P$20),IF($E83=$O$22,RANDBETWEEN($O$23,$P$23),IF($E83=$O$25,RANDBETWEEN($O$26,$P$26),IF($E83=$O$28,RANDBETWEEN($O$29,$P$29),"0")))))))))) -> 149 | J83: =IF($E83=$O$1,RANDBETWEEN($O$2,$P$2),IF($E83=$O$4,RANDBETWEEN($O$5,$P$5),IF($E83=$O$7,RANDBETWEEN($O$8,$P$8),IF($E83=$O$10,RANDBETWEEN($O$11,$P$11),IF($E83=$O$13,RANDBETWEEN($O$14,$P$14),IF($E83=$O$16,RANDBETWEEN($O$17,$P$17),IF($E83=$O$19,RANDBETWEEN($O$20,$P$20),IF($E83=$O$22,RANDBETWEEN($O$23,$P$23),IF($E83=$O$25,RANDBETWEEN($O$26,$P$26),IF($E83=$O$28,RANDBETWEEN($O$29,$P$29),"0")))))))))) -> 138 | K83: =IF($E83=$O$1,RANDBETWEEN($O$2,$P$2),IF($E83=$O$4,RANDBETWEEN($O$5,$P$5),IF($E83=$O$7,RANDBETWEEN($O$8,$P$8),IF($E83=$O$10,RANDBETWEEN($O$11,$P$11),IF($E83=$O$13,RANDBETWEEN($O$14,$P$14),IF($E83=$O$16,RANDBETWEEN($O$17,$P$17),IF($E83=$O$19,RANDBETWEEN($O$20,$P$20),IF($E83=$O$22,RANDBETWEEN($O$23,$P$23),IF($E83=$O$25,RANDBETWEEN($O$26,$P$26),IF($E83=$O$28,RANDBETWEEN($O$29,$P$29),"0")))))))))) -> 144
A84: ='1 шаблон'!A203 -> 0 | B84: ='1 шаблон'!A204 -> 0 | C84: ='1 шаблон'!B203 -> 0 | D84: ='1 шаблон'!C203 -> 0 | E84: =$O$1 -> Сталь 20 | F84: =IF($E84=$O$1,RANDBETWEEN($O$2,$P$2),IF($E84=$O$4,RANDBETWEEN($O$5,$P$5),IF($E84=$O$7,RANDBETWEEN($O$8,$P$8),IF($E84=$O$10,RANDBETWEEN($O$11,$P$11),IF($E84=$O$13,RANDBETWEEN($O$14,$P$14),IF($E84=$O$16,RANDBETWEEN($O$17,$P$17),IF($E84=$O$19,RANDBETWEEN($O$20,$P$20),IF($E84=$O$22,RANDBETWEEN($O$23,$P$23),IF($E84=$O$25,RANDBETWEEN($O$26,$P$26),IF($E84=$O$28,RANDBETWEEN($O$29,$P$29),"0")))))))))) -> 137 | G84: =IF($E84=$O$1,RANDBETWEEN($O$2,$P$2),IF($E84=$O$4,RANDBETWEEN($O$5,$P$5),IF($E84=$O$7,RANDBETWEEN($O$8,$P$8),IF($E84=$O$10,RANDBETWEEN($O$11,$P$11),IF($E84=$O$13,RANDBETWEEN($O$14,$P$14),IF($E84=$O$16,RANDBETWEEN($O$17,$P$17),IF($E84=$O$19,RANDBETWEEN($O$20,$P$20),IF($E84=$O$22,RANDBETWEEN($O$23,$P$23),IF($E84=$O$25,RANDBETWEEN($O$26,$P$26),IF($E84=$O$28,RANDBETWEEN($O$29,$P$29),"0")))))))))) -> 149 | H84: =IF($E84=$O$1,RANDBETWEEN($O$2,$P$2),IF($E84=$O$4,RANDBETWEEN($O$5,$P$5),IF($E84=$O$7,RANDBETWEEN($O$8,$P$8),IF($E84=$O$10,RANDBETWEEN($O$11,$P$11),IF($E84=$O$13,RANDBETWEEN($O$14,$P$14),IF($E84=$O$16,RANDBETWEEN($O$17,$P$17),IF($E84=$O$19,RANDBETWEEN($O$20,$P$20),IF($E84=$O$22,RANDBETWEEN($O$23,$P$23),IF($E84=$O$25,RANDBETWEEN($O$26,$P$26),IF($E84=$O$28,RANDBETWEEN($O$29,$P$29),"0")))))))))) -> 140 | I84: =IF($E84=$O$1,RANDBETWEEN($O$2,$P$2),IF($E84=$O$4,RANDBETWEEN($O$5,$P$5),IF($E84=$O$7,RANDBETWEEN($O$8,$P$8),IF($E84=$O$10,RANDBETWEEN($O$11,$P$11),IF($E84=$O$13,RANDBETWEEN($O$14,$P$14),IF($E84=$O$16,RANDBETWEEN($O$17,$P$17),IF($E84=$O$19,RANDBETWEEN($O$20,$P$20),IF($E84=$O$22,RANDBETWEEN($O$23,$P$23),IF($E84=$O$25,RANDBETWEEN($O$26,$P$26),IF($E84=$O$28,RANDBETWEEN($O$29,$P$29),"0")))))))))) -> 137 | J84: =IF($E84=$O$1,RANDBETWEEN($O$2,$P$2),IF($E84=$O$4,RANDBETWEEN($O$5,$P$5),IF($E84=$O$7,RANDBETWEEN($O$8,$P$8),IF($E84=$O$10,RANDBETWEEN($O$11,$P$11),IF($E84=$O$13,RANDBETWEEN($O$14,$P$14),IF($E84=$O$16,RANDBETWEEN($O$17,$P$17),IF($E84=$O$19,RANDBETWEEN($O$20,$P$20),IF($E84=$O$22,RANDBETWEEN($O$23,$P$23),IF($E84=$O$25,RANDBETWEEN($O$26,$P$26),IF($E84=$O$28,RANDBETWEEN($O$29,$P$29),"0")))))))))) -> 142 | K84: =IF($E84=$O$1,RANDBETWEEN($O$2,$P$2),IF($E84=$O$4,RANDBETWEEN($O$5,$P$5),IF($E84=$O$7,RANDBETWEEN($O$8,$P$8),IF($E84=$O$10,RANDBETWEEN($O$11,$P$11),IF($E84=$O$13,RANDBETWEEN($O$14,$P$14),IF($E84=$O$16,RANDBETWEEN($O$17,$P$17),IF($E84=$O$19,RANDBETWEEN($O$20,$P$20),IF($E84=$O$22,RANDBETWEEN($O$23,$P$23),IF($E84=$O$25,RANDBETWEEN($O$26,$P$26),IF($E84=$O$28,RANDBETWEEN($O$29,$P$29),"0")))))))))) -> 148
A85: ='1 шаблон'!A206 -> 0 | B85: ='1 шаблон'!A207 -> 0 | C85: ='1 шаблон'!B206 -> 0 | D85: ='1 шаблон'!C206 -> 0 | E85: =$O$1 -> Сталь 20 | F85: =IF($E85=$O$1,RANDBETWEEN($O$2,$P$2),IF($E85=$O$4,RANDBETWEEN($O$5,$P$5),IF($E85=$O$7,RANDBETWEEN($O$8,$P$8),IF($E85=$O$10,RANDBETWEEN($O$11,$P$11),IF($E85=$O$13,RANDBETWEEN($O$14,$P$14),IF($E85=$O$16,RANDBETWEEN($O$17,$P$17),IF($E85=$O$19,RANDBETWEEN($O$20,$P$20),IF($E85=$O$22,RANDBETWEEN($O$23,$P$23),IF($E85=$O$25,RANDBETWEEN($O$26,$P$26),IF($E85=$O$28,RANDBETWEEN($O$29,$P$29),"0")))))))))) -> 143 | G85: =IF($E85=$O$1,RANDBETWEEN($O$2,$P$2),IF($E85=$O$4,RANDBETWEEN($O$5,$P$5),IF($E85=$O$7,RANDBETWEEN($O$8,$P$8),IF($E85=$O$10,RANDBETWEEN($O$11,$P$11),IF($E85=$O$13,RANDBETWEEN($O$14,$P$14),IF($E85=$O$16,RANDBETWEEN($O$17,$P$17),IF($E85=$O$19,RANDBETWEEN($O$20,$P$20),IF($E85=$O$22,RANDBETWEEN($O$23,$P$23),IF($E85=$O$25,RANDBETWEEN($O$26,$P$26),IF($E85=$O$28,RANDBETWEEN($O$29,$P$29),"0")))))))))) -> 147 | H85: =IF($E85=$O$1,RANDBETWEEN($O$2,$P$2),IF($E85=$O$4,RANDBETWEEN($O$5,$P$5),IF($E85=$O$7,RANDBETWEEN($O$8,$P$8),IF($E85=$O$10,RANDBETWEEN($O$11,$P$11),IF($E85=$O$13,RANDBETWEEN($O$14,$P$14),IF($E85=$O$16,RANDBETWEEN($O$17,$P$17),IF($E85=$O$19,RANDBETWEEN($O$20,$P$20),IF($E85=$O$22,RANDBETWEEN($O$23,$P$23),IF($E85=$O$25,RANDBETWEEN($O$26,$P$26),IF($E85=$O$28,RANDBETWEEN($O$29,$P$29),"0")))))))))) -> 141 | I85: =IF($E85=$O$1,RANDBETWEEN($O$2,$P$2),IF($E85=$O$4,RANDBETWEEN($O$5,$P$5),IF($E85=$O$7,RANDBETWEEN($O$8,$P$8),IF($E85=$O$10,RANDBETWEEN($O$11,$P$11),IF($E85=$O$13,RANDBETWEEN($O$14,$P$14),IF($E85=$O$16,RANDBETWEEN($O$17,$P$17),IF($E85=$O$19,RANDBETWEEN($O$20,$P$20),IF($E85=$O$22,RANDBETWEEN($O$23,$P$23),IF($E85=$O$25,RANDBETWEEN($O$26,$P$26),IF($E85=$O$28,RANDBETWEEN($O$29,$P$29),"0")))))))))) -> 139 | J85: =IF($E85=$O$1,RANDBETWEEN($O$2,$P$2),IF($E85=$O$4,RANDBETWEEN($O$5,$P$5),IF($E85=$O$7,RANDBETWEEN($O$8,$P$8),IF($E85=$O$10,RANDBETWEEN($O$11,$P$11),IF($E85=$O$13,RANDBETWEEN($O$14,$P$14),IF($E85=$O$16,RANDBETWEEN($O$17,$P$17),IF($E85=$O$19,RANDBETWEEN($O$20,$P$20),IF($E85=$O$22,RANDBETWEEN($O$23,$P$23),IF($E85=$O$25,RANDBETWEEN($O$26,$P$26),IF($E85=$O$28,RANDBETWEEN($O$29,$P$29),"0")))))))))) -> 142 | K85: =IF($E85=$O$1,RANDBETWEEN($O$2,$P$2),IF($E85=$O$4,RANDBETWEEN($O$5,$P$5),IF($E85=$O$7,RANDBETWEEN($O$8,$P$8),IF($E85=$O$10,RANDBETWEEN($O$11,$P$11),IF($E85=$O$13,RANDBETWEEN($O$14,$P$14),IF($E85=$O$16,RANDBETWEEN($O$17,$P$17),IF($E85=$O$19,RANDBETWEEN($O$20,$P$20),IF($E85=$O$22,RANDBETWEEN($O$23,$P$23),IF($E85=$O$25,RANDBETWEEN($O$26,$P$26),IF($E85=$O$28,RANDBETWEEN($O$29,$P$29),"0")))))))))) -> 152
A86: ='1 шаблон'!A209 -> 0 | B86: ='1 шаблон'!A210 -> 0 | C86: ='1 шаблон'!B209 -> 0 | D86: ='1 шаблон'!C209 -> 0 | E86: =$O$1 -> Сталь 20 | F86: =IF($E86=$O$1,RANDBETWEEN($O$2,$P$2),IF($E86=$O$4,RANDBETWEEN($O$5,$P$5),IF($E86=$O$7,RANDBETWEEN($O$8,$P$8),IF($E86=$O$10,RANDBETWEEN($O$11,$P$11),IF($E86=$O$13,RANDBETWEEN($O$14,$P$14),IF($E86=$O$16,RANDBETWEEN($O$17,$P$17),IF($E86=$O$19,RANDBETWEEN($O$20,$P$20),IF($E86=$O$22,RANDBETWEEN($O$23,$P$23),IF($E86=$O$25,RANDBETWEEN($O$26,$P$26),IF($E86=$O$28,RANDBETWEEN($O$29,$P$29),"0")))))))))) -> 145 | G86: =IF($E86=$O$1,RANDBETWEEN($O$2,$P$2),IF($E86=$O$4,RANDBETWEEN($O$5,$P$5),IF($E86=$O$7,RANDBETWEEN($O$8,$P$8),IF($E86=$O$10,RANDBETWEEN($O$11,$P$11),IF($E86=$O$13,RANDBETWEEN($O$14,$P$14),IF($E86=$O$16,RANDBETWEEN($O$17,$P$17),IF($E86=$O$19,RANDBETWEEN($O$20,$P$20),IF($E86=$O$22,RANDBETWEEN($O$23,$P$23),IF($E86=$O$25,RANDBETWEEN($O$26,$P$26),IF($E86=$O$28,RANDBETWEEN($O$29,$P$29),"0")))))))))) -> 139 | H86: =IF($E86=$O$1,RANDBETWEEN($O$2,$P$2),IF($E86=$O$4,RANDBETWEEN($O$5,$P$5),IF($E86=$O$7,RANDBETWEEN($O$8,$P$8),IF($E86=$O$10,RANDBETWEEN($O$11,$P$11),IF($E86=$O$13,RANDBETWEEN($O$14,$P$14),IF($E86=$O$16,RANDBETWEEN($O$17,$P$17),IF($E86=$O$19,RANDBETWEEN($O$20,$P$20),IF($E86=$O$22,RANDBETWEEN($O$23,$P$23),IF($E86=$O$25,RANDBETWEEN($O$26,$P$26),IF($E86=$O$28,RANDBETWEEN($O$29,$P$29),"0")))))))))) -> 140 | I86: =IF($E86=$O$1,RANDBETWEEN($O$2,$P$2),IF($E86=$O$4,RANDBETWEEN($O$5,$P$5),IF($E86=$O$7,RANDBETWEEN($O$8,$P$8),IF($E86=$O$10,RANDBETWEEN($O$11,$P$11),IF($E86=$O$13,RANDBETWEEN($O$14,$P$14),IF($E86=$O$16,RANDBETWEEN($O$17,$P$17),IF($E86=$O$19,RANDBETWEEN($O$20,$P$20),IF($E86=$O$22,RANDBETWEEN($O$23,$P$23),IF($E86=$O$25,RANDBETWEEN($O$26,$P$26),IF($E86=$O$28,RANDBETWEEN($O$29,$P$29),"0")))))))))) -> 151 | J86: =IF($E86=$O$1,RANDBETWEEN($O$2,$P$2),IF($E86=$O$4,RANDBETWEEN($O$5,$P$5),IF($E86=$O$7,RANDBETWEEN($O$8,$P$8),IF($E86=$O$10,RANDBETWEEN($O$11,$P$11),IF($E86=$O$13,RANDBETWEEN($O$14,$P$14),IF($E86=$O$16,RANDBETWEEN($O$17,$P$17),IF($E86=$O$19,RANDBETWEEN($O$20,$P$20),IF($E86=$O$22,RANDBETWEEN($O$23,$P$23),IF($E86=$O$25,RANDBETWEEN($O$26,$P$26),IF($E86=$O$28,RANDBETWEEN($O$29,$P$29),"0")))))))))) -> 151 | K86: =IF($E86=$O$1,RANDBETWEEN($O$2,$P$2),IF($E86=$O$4,RANDBETWEEN($O$5,$P$5),IF($E86=$O$7,RANDBETWEEN($O$8,$P$8),IF($E86=$O$10,RANDBETWEEN($O$11,$P$11),IF($E86=$O$13,RANDBETWEEN($O$14,$P$14),IF($E86=$O$16,RANDBETWEEN($O$17,$P$17),IF($E86=$O$19,RANDBETWEEN($O$20,$P$20),IF($E86=$O$22,RANDBETWEEN($O$23,$P$23),IF($E86=$O$25,RANDBETWEEN($O$26,$P$26),IF($E86=$O$28,RANDBETWEEN($O$29,$P$29),"0")))))))))) -> 140
A87: ='1 шаблон'!A212 -> 0 | B87: ='1 шаблон'!A213 -> 0 | C87: ='1 шаблон'!B212 -> 0 | D87: ='1 шаблон'!C212 -> 0 | E87: =$O$1 -> Сталь 20 | F87: =IF($E87=$O$1,RANDBETWEEN($O$2,$P$2),IF($E87=$O$4,RANDBETWEEN($O$5,$P$5),IF($E87=$O$7,RANDBETWEEN($O$8,$P$8),IF($E87=$O$10,RANDBETWEEN($O$11,$P$11),IF($E87=$O$13,RANDBETWEEN($O$14,$P$14),IF($E87=$O$16,RANDBETWEEN($O$17,$P$17),IF($E87=$O$19,RANDBETWEEN($O$20,$P$20),IF($E87=$O$22,RANDBETWEEN($O$23,$P$23),IF($E87=$O$25,RANDBETWEEN($O$26,$P$26),IF($E87=$O$28,RANDBETWEEN($O$29,$P$29),"0")))))))))) -> 146 | G87: =IF($E87=$O$1,RANDBETWEEN($O$2,$P$2),IF($E87=$O$4,RANDBETWEEN($O$5,$P$5),IF($E87=$O$7,RANDBETWEEN($O$8,$P$8),IF($E87=$O$10,RANDBETWEEN($O$11,$P$11),IF($E87=$O$13,RANDBETWEEN($O$14,$P$14),IF($E87=$O$16,RANDBETWEEN($O$17,$P$17),IF($E87=$O$19,RANDBETWEEN($O$20,$P$20),IF($E87=$O$22,RANDBETWEEN($O$23,$P$23),IF($E87=$O$25,RANDBETWEEN($O$26,$P$26),IF($E87=$O$28,RANDBETWEEN($O$29,$P$29),"0")))))))))) -> 141 | H87: =IF($E87=$O$1,RANDBETWEEN($O$2,$P$2),IF($E87=$O$4,RANDBETWEEN($O$5,$P$5),IF($E87=$O$7,RANDBETWEEN($O$8,$P$8),IF($E87=$O$10,RANDBETWEEN($O$11,$P$11),IF($E87=$O$13,RANDBETWEEN($O$14,$P$14),IF($E87=$O$16,RANDBETWEEN($O$17,$P$17),IF($E87=$O$19,RANDBETWEEN($O$20,$P$20),IF($E87=$O$22,RANDBETWEEN($O$23,$P$23),IF($E87=$O$25,RANDBETWEEN($O$26,$P$26),IF($E87=$O$28,RANDBETWEEN($O$29,$P$29),"0")))))))))) -> 149 | I87: =IF($E87=$O$1,RANDBETWEEN($O$2,$P$2),IF($E87=$O$4,RANDBETWEEN($O$5,$P$5),IF($E87=$O$7,RANDBETWEEN($O$8,$P$8),IF($E87=$O$10,RANDBETWEEN($O$11,$P$11),IF($E87=$O$13,RANDBETWEEN($O$14,$P$14),IF($E87=$O$16,RANDBETWEEN($O$17,$P$17),IF($E87=$O$19,RANDBETWEEN($O$20,$P$20),IF($E87=$O$22,RANDBETWEEN($O$23,$P$23),IF($E87=$O$25,RANDBETWEEN($O$26,$P$26),IF($E87=$O$28,RANDBETWEEN($O$29,$P$29),"0")))))))))) -> 139 | J87: =IF($E87=$O$1,RANDBETWEEN($O$2,$P$2),IF($E87=$O$4,RANDBETWEEN($O$5,$P$5),IF($E87=$O$7,RANDBETWEEN($O$8,$P$8),IF($E87=$O$10,RANDBETWEEN($O$11,$P$11),IF($E87=$O$13,RANDBETWEEN($O$14,$P$14),IF($E87=$O$16,RANDBETWEEN($O$17,$P$17),IF($E87=$O$19,RANDBETWEEN($O$20,$P$20),IF($E87=$O$22,RANDBETWEEN($O$23,$P$23),IF($E87=$O$25,RANDBETWEEN($O$26,$P$26),IF($E87=$O$28,RANDBETWEEN($O$29,$P$29),"0")))))))))) -> 142 | K87: =IF($E87=$O$1,RANDBETWEEN($O$2,$P$2),IF($E87=$O$4,RANDBETWEEN($O$5,$P$5),IF($E87=$O$7,RANDBETWEEN($O$8,$P$8),IF($E87=$O$10,RANDBETWEEN($O$11,$P$11),IF($E87=$O$13,RANDBETWEEN($O$14,$P$14),IF($E87=$O$16,RANDBETWEEN($O$17,$P$17),IF($E87=$O$19,RANDBETWEEN($O$20,$P$20),IF($E87=$O$22,RANDBETWEEN($O$23,$P$23),IF($E87=$O$25,RANDBETWEEN($O$26,$P$26),IF($E87=$O$28,RANDBETWEEN($O$29,$P$29),"0")))))))))) -> 149
A88: ='1 шаблон'!A215 -> 0 | B88: ='1 шаблон'!A216 -> 0 | C88: ='1 шаблон'!B215 -> 0 | D88: ='1 шаблон'!C215 -> 0 | E88: =$O$1 -> Сталь 20 | F88: =IF($E88=$O$1,RANDBETWEEN($O$2,$P$2),IF($E88=$O$4,RANDBETWEEN($O$5,$P$5),IF($E88=$O$7,RANDBETWEEN($O$8,$P$8),IF($E88=$O$10,RANDBETWEEN($O$11,$P$11),IF($E88=$O$13,RANDBETWEEN($O$14,$P$14),IF($E88=$O$16,RANDBETWEEN($O$17,$P$17),IF($E88=$O$19,RANDBETWEEN($O$20,$P$20),IF($E88=$O$22,RANDBETWEEN($O$23,$P$23),IF($E88=$O$25,RANDBETWEEN($O$26,$P$26),IF($E88=$O$28,RANDBETWEEN($O$29,$P$29),"0")))))))))) -> 152 | G88: =IF($E88=$O$1,RANDBETWEEN($O$2,$P$2),IF($E88=$O$4,RANDBETWEEN($O$5,$P$5),IF($E88=$O$7,RANDBETWEEN($O$8,$P$8),IF($E88=$O$10,RANDBETWEEN($O$11,$P$11),IF($E88=$O$13,RANDBETWEEN($O$14,$P$14),IF($E88=$O$16,RANDBETWEEN($O$17,$P$17),IF($E88=$O$19,RANDBETWEEN($O$20,$P$20),IF($E88=$O$22,RANDBETWEEN($O$23,$P$23),IF($E88=$O$25,RANDBETWEEN($O$26,$P$26),IF($E88=$O$28,RANDBETWEEN($O$29,$P$29),"0")))))))))) -> 150 | H88: =IF($E88=$O$1,RANDBETWEEN($O$2,$P$2),IF($E88=$O$4,RANDBETWEEN($O$5,$P$5),IF($E88=$O$7,RANDBETWEEN($O$8,$P$8),IF($E88=$O$10,RANDBETWEEN($O$11,$P$11),IF($E88=$O$13,RANDBETWEEN($O$14,$P$14),IF($E88=$O$16,RANDBETWEEN($O$17,$P$17),IF($E88=$O$19,RANDBETWEEN($O$20,$P$20),IF($E88=$O$22,RANDBETWEEN($O$23,$P$23),IF($E88=$O$25,RANDBETWEEN($O$26,$P$26),IF($E88=$O$28,RANDBETWEEN($O$29,$P$29),"0")))))))))) -> 141 | I88: =IF($E88=$O$1,RANDBETWEEN($O$2,$P$2),IF($E88=$O$4,RANDBETWEEN($O$5,$P$5),IF($E88=$O$7,RANDBETWEEN($O$8,$P$8),IF($E88=$O$10,RANDBETWEEN($O$11,$P$11),IF($E88=$O$13,RANDBETWEEN($O$14,$P$14),IF($E88=$O$16,RANDBETWEEN($O$17,$P$17),IF($E88=$O$19,RANDBETWEEN($O$20,$P$20),IF($E88=$O$22,RANDBETWEEN($O$23,$P$23),IF($E88=$O$25,RANDBETWEEN($O$26,$P$26),IF($E88=$O$28,RANDBETWEEN($O$29,$P$29),"0")))))))))) -> 137 | J88: =IF($E88=$O$1,RANDBETWEEN($O$2,$P$2),IF($E88=$O$4,RANDBETWEEN($O$5,$P$5),IF($E88=$O$7,RANDBETWEEN($O$8,$P$8),IF($E88=$O$10,RANDBETWEEN($O$11,$P$11),IF($E88=$O$13,RANDBETWEEN($O$14,$P$14),IF($E88=$O$16,RANDBETWEEN($O$17,$P$17),IF($E88=$O$19,RANDBETWEEN($O$20,$P$20),IF($E88=$O$22,RANDBETWEEN($O$23,$P$23),IF($E88=$O$25,RANDBETWEEN($O$26,$P$26),IF($E88=$O$28,RANDBETWEEN($O$29,$P$29),"0")))))))))) -> 142 | K88: =IF($E88=$O$1,RANDBETWEEN($O$2,$P$2),IF($E88=$O$4,RANDBETWEEN($O$5,$P$5),IF($E88=$O$7,RANDBETWEEN($O$8,$P$8),IF($E88=$O$10,RANDBETWEEN($O$11,$P$11),IF($E88=$O$13,RANDBETWEEN($O$14,$P$14),IF($E88=$O$16,RANDBETWEEN($O$17,$P$17),IF($E88=$O$19,RANDBETWEEN($O$20,$P$20),IF($E88=$O$22,RANDBETWEEN($O$23,$P$23),IF($E88=$O$25,RANDBETWEEN($O$26,$P$26),IF($E88=$O$28,RANDBETWEEN($O$29,$P$29),"0")))))))))) -> 150
A89: ='1 шаблон'!A218 -> 0 | B89: ='1 шаблон'!A219 -> 0 | C89: ='1 шаблон'!B218 -> 0 | D89: ='1 шаблон'!C218 -> 0 | E89: =$O$1 -> Сталь 20 | F89: =IF($E89=$O$1,RANDBETWEEN($O$2,$P$2),IF($E89=$O$4,RANDBETWEEN($O$5,$P$5),IF($E89=$O$7,RANDBETWEEN($O$8,$P$8),IF($E89=$O$10,RANDBETWEEN($O$11,$P$11),IF($E89=$O$13,RANDBETWEEN($O$14,$P$14),IF($E89=$O$16,RANDBETWEEN($O$17,$P$17),IF($E89=$O$19,RANDBETWEEN($O$20,$P$20),IF($E89=$O$22,RANDBETWEEN($O$23,$P$23),IF($E89=$O$25,RANDBETWEEN($O$26,$P$26),IF($E89=$O$28,RANDBETWEEN($O$29,$P$29),"0")))))))))) -> 139 | G89: =IF($E89=$O$1,RANDBETWEEN($O$2,$P$2),IF($E89=$O$4,RANDBETWEEN($O$5,$P$5),IF($E89=$O$7,RANDBETWEEN($O$8,$P$8),IF($E89=$O$10,RANDBETWEEN($O$11,$P$11),IF($E89=$O$13,RANDBETWEEN($O$14,$P$14),IF($E89=$O$16,RANDBETWEEN($O$17,$P$17),IF($E89=$O$19,RANDBETWEEN($O$20,$P$20),IF($E89=$O$22,RANDBETWEEN($O$23,$P$23),IF($E89=$O$25,RANDBETWEEN($O$26,$P$26),IF($E89=$O$28,RANDBETWEEN($O$29,$P$29),"0")))))))))) -> 138 | H89: =IF($E89=$O$1,RANDBETWEEN($O$2,$P$2),IF($E89=$O$4,RANDBETWEEN($O$5,$P$5),IF($E89=$O$7,RANDBETWEEN($O$8,$P$8),IF($E89=$O$10,RANDBETWEEN($O$11,$P$11),IF($E89=$O$13,RANDBETWEEN($O$14,$P$14),IF($E89=$O$16,RANDBETWEEN($O$17,$P$17),IF($E89=$O$19,RANDBETWEEN($O$20,$P$20),IF($E89=$O$22,RANDBETWEEN($O$23,$P$23),IF($E89=$O$25,RANDBETWEEN($O$26,$P$26),IF($E89=$O$28,RANDBETWEEN($O$29,$P$29),"0")))))))))) -> 147 | I89: =IF($E89=$O$1,RANDBETWEEN($O$2,$P$2),IF($E89=$O$4,RANDBETWEEN($O$5,$P$5),IF($E89=$O$7,RANDBETWEEN($O$8,$P$8),IF($E89=$O$10,RANDBETWEEN($O$11,$P$11),IF($E89=$O$13,RANDBETWEEN($O$14,$P$14),IF($E89=$O$16,RANDBETWEEN($O$17,$P$17),IF($E89=$O$19,RANDBETWEEN($O$20,$P$20),IF($E89=$O$22,RANDBETWEEN($O$23,$P$23),IF($E89=$O$25,RANDBETWEEN($O$26,$P$26),IF($E89=$O$28,RANDBETWEEN($O$29,$P$29),"0")))))))))) -> 141 | J89: =IF($E89=$O$1,RANDBETWEEN($O$2,$P$2),IF($E89=$O$4,RANDBETWEEN($O$5,$P$5),IF($E89=$O$7,RANDBETWEEN($O$8,$P$8),IF($E89=$O$10,RANDBETWEEN($O$11,$P$11),IF($E89=$O$13,RANDBETWEEN($O$14,$P$14),IF($E89=$O$16,RANDBETWEEN($O$17,$P$17),IF($E89=$O$19,RANDBETWEEN($O$20,$P$20),IF($E89=$O$22,RANDBETWEEN($O$23,$P$23),IF($E89=$O$25,RANDBETWEEN($O$26,$P$26),IF($E89=$O$28,RANDBETWEEN($O$29,$P$29),"0")))))))))) -> 151 | K89: =IF($E89=$O$1,RANDBETWEEN($O$2,$P$2),IF($E89=$O$4,RANDBETWEEN($O$5,$P$5),IF($E89=$O$7,RANDBETWEEN($O$8,$P$8),IF($E89=$O$10,RANDBETWEEN($O$11,$P$11),IF($E89=$O$13,RANDBETWEEN($O$14,$P$14),IF($E89=$O$16,RANDBETWEEN($O$17,$P$17),IF($E89=$O$19,RANDBETWEEN($O$20,$P$20),IF($E89=$O$22,RANDBETWEEN($O$23,$P$23),IF($E89=$O$25,RANDBETWEEN($O$26,$P$26),IF($E89=$O$28,RANDBETWEEN($O$29,$P$29),"0")))))))))) -> 153
A90: ='1 шаблон'!A221 -> 0 | B90: ='1 шаблон'!A222 -> 0 | C90: ='1 шаблон'!B221 -> 0 | D90: ='1 шаблон'!C221 -> 0 | E90: =$O$1 -> Сталь 20 | F90: =IF($E90=$O$1,RANDBETWEEN($O$2,$P$2),IF($E90=$O$4,RANDBETWEEN($O$5,$P$5),IF($E90=$O$7,RANDBETWEEN($O$8,$P$8),IF($E90=$O$10,RANDBETWEEN($O$11,$P$11),IF($E90=$O$13,RANDBETWEEN($O$14,$P$14),IF($E90=$O$16,RANDBETWEEN($O$17,$P$17),IF($E90=$O$19,RANDBETWEEN($O$20,$P$20),IF($E90=$O$22,RANDBETWEEN($O$23,$P$23),IF($E90=$O$25,RANDBETWEEN($O$26,$P$26),IF($E90=$O$28,RANDBETWEEN($O$29,$P$29),"0")))))))))) -> 153 | G90: =IF($E90=$O$1,RANDBETWEEN($O$2,$P$2),IF($E90=$O$4,RANDBETWEEN($O$5,$P$5),IF($E90=$O$7,RANDBETWEEN($O$8,$P$8),IF($E90=$O$10,RANDBETWEEN($O$11,$P$11),IF($E90=$O$13,RANDBETWEEN($O$14,$P$14),IF($E90=$O$16,RANDBETWEEN($O$17,$P$17),IF($E90=$O$19,RANDBETWEEN($O$20,$P$20),IF($E90=$O$22,RANDBETWEEN($O$23,$P$23),IF($E90=$O$25,RANDBETWEEN($O$26,$P$26),IF($E90=$O$28,RANDBETWEEN($O$29,$P$29),"0")))))))))) -> 149 | H90: =IF($E90=$O$1,RANDBETWEEN($O$2,$P$2),IF($E90=$O$4,RANDBETWEEN($O$5,$P$5),IF($E90=$O$7,RANDBETWEEN($O$8,$P$8),IF($E90=$O$10,RANDBETWEEN($O$11,$P$11),IF($E90=$O$13,RANDBETWEEN($O$14,$P$14),IF($E90=$O$16,RANDBETWEEN($O$17,$P$17),IF($E90=$O$19,RANDBETWEEN($O$20,$P$20),IF($E90=$O$22,RANDBETWEEN($O$23,$P$23),IF($E90=$O$25,RANDBETWEEN($O$26,$P$26),IF($E90=$O$28,RANDBETWEEN($O$29,$P$29),"0")))))))))) -> 138 | I90: =IF($E90=$O$1,RANDBETWEEN($O$2,$P$2),IF($E90=$O$4,RANDBETWEEN($O$5,$P$5),IF($E90=$O$7,RANDBETWEEN($O$8,$P$8),IF($E90=$O$10,RANDBETWEEN($O$11,$P$11),IF($E90=$O$13,RANDBETWEEN($O$14,$P$14),IF($E90=$O$16,RANDBETWEEN($O$17,$P$17),IF($E90=$O$19,RANDBETWEEN($O$20,$P$20),IF($E90=$O$22,RANDBETWEEN($O$23,$P$23),IF($E90=$O$25,RANDBETWEEN($O$26,$P$26),IF($E90=$O$28,RANDBETWEEN($O$29,$P$29),"0")))))))))) -> 137 | J90: =IF($E90=$O$1,RANDBETWEEN($O$2,$P$2),IF($E90=$O$4,RANDBETWEEN($O$5,$P$5),IF($E90=$O$7,RANDBETWEEN($O$8,$P$8),IF($E90=$O$10,RANDBETWEEN($O$11,$P$11),IF($E90=$O$13,RANDBETWEEN($O$14,$P$14),IF($E90=$O$16,RANDBETWEEN($O$17,$P$17),IF($E90=$O$19,RANDBETWEEN($O$20,$P$20),IF($E90=$O$22,RANDBETWEEN($O$23,$P$23),IF($E90=$O$25,RANDBETWEEN($O$26,$P$26),IF($E90=$O$28,RANDBETWEEN($O$29,$P$29),"0")))))))))) -> 139 | K90: =IF($E90=$O$1,RANDBETWEEN($O$2,$P$2),IF($E90=$O$4,RANDBETWEEN($O$5,$P$5),IF($E90=$O$7,RANDBETWEEN($O$8,$P$8),IF($E90=$O$10,RANDBETWEEN($O$11,$P$11),IF($E90=$O$13,RANDBETWEEN($O$14,$P$14),IF($E90=$O$16,RANDBETWEEN($O$17,$P$17),IF($E90=$O$19,RANDBETWEEN($O$20,$P$20),IF($E90=$O$22,RANDBETWEEN($O$23,$P$23),IF($E90=$O$25,RANDBETWEEN($O$26,$P$26),IF($E90=$O$28,RANDBETWEEN($O$29,$P$29),"0")))))))))) -> 143
A91: ='1 шаблон'!A224 -> 0 | B91: ='1 шаблон'!A225 -> 0 | C91: ='1 шаблон'!B224 -> 0 | D91: ='1 шаблон'!C224 -> 0 | E91: =$O$1 -> Сталь 20 | F91: =IF($E91=$O$1,RANDBETWEEN($O$2,$P$2),IF($E91=$O$4,RANDBETWEEN($O$5,$P$5),IF($E91=$O$7,RANDBETWEEN($O$8,$P$8),IF($E91=$O$10,RANDBETWEEN($O$11,$P$11),IF($E91=$O$13,RANDBETWEEN($O$14,$P$14),IF($E91=$O$16,RANDBETWEEN($O$17,$P$17),IF($E91=$O$19,RANDBETWEEN($O$20,$P$20),IF($E91=$O$22,RANDBETWEEN($O$23,$P$23),IF($E91=$O$25,RANDBETWEEN($O$26,$P$26),IF($E91=$O$28,RANDBETWEEN($O$29,$P$29),"0")))))))))) -> 144 | G91: =IF($E91=$O$1,RANDBETWEEN($O$2,$P$2),IF($E91=$O$4,RANDBETWEEN($O$5,$P$5),IF($E91=$O$7,RANDBETWEEN($O$8,$P$8),IF($E91=$O$10,RANDBETWEEN($O$11,$P$11),IF($E91=$O$13,RANDBETWEEN($O$14,$P$14),IF($E91=$O$16,RANDBETWEEN($O$17,$P$17),IF($E91=$O$19,RANDBETWEEN($O$20,$P$20),IF($E91=$O$22,RANDBETWEEN($O$23,$P$23),IF($E91=$O$25,RANDBETWEEN($O$26,$P$26),IF($E91=$O$28,RANDBETWEEN($O$29,$P$29),"0")))))))))) -> 145 | H91: =IF($E91=$O$1,RANDBETWEEN($O$2,$P$2),IF($E91=$O$4,RANDBETWEEN($O$5,$P$5),IF($E91=$O$7,RANDBETWEEN($O$8,$P$8),IF($E91=$O$10,RANDBETWEEN($O$11,$P$11),IF($E91=$O$13,RANDBETWEEN($O$14,$P$14),IF($E91=$O$16,RANDBETWEEN($O$17,$P$17),IF($E91=$O$19,RANDBETWEEN($O$20,$P$20),IF($E91=$O$22,RANDBETWEEN($O$23,$P$23),IF($E91=$O$25,RANDBETWEEN($O$26,$P$26),IF($E91=$O$28,RANDBETWEEN($O$29,$P$29),"0")))))))))) -> 148 | I91: =IF($E91=$O$1,RANDBETWEEN($O$2,$P$2),IF($E91=$O$4,RANDBETWEEN($O$5,$P$5),IF($E91=$O$7,RANDBETWEEN($O$8,$P$8),IF($E91=$O$10,RANDBETWEEN($O$11,$P$11),IF($E91=$O$13,RANDBETWEEN($O$14,$P$14),IF($E91=$O$16,RANDBETWEEN($O$17,$P$17),IF($E91=$O$19,RANDBETWEEN($O$20,$P$20),IF($E91=$O$22,RANDBETWEEN($O$23,$P$23),IF($E91=$O$25,RANDBETWEEN($O$26,$P$26),IF($E91=$O$28,RANDBETWEEN($O$29,$P$29),"0")))))))))) -> 137 | J91: =IF($E91=$O$1,RANDBETWEEN($O$2,$P$2),IF($E91=$O$4,RANDBETWEEN($O$5,$P$5),IF($E91=$O$7,RANDBETWEEN($O$8,$P$8),IF($E91=$O$10,RANDBETWEEN($O$11,$P$11),IF($E91=$O$13,RANDBETWEEN($O$14,$P$14),IF($E91=$O$16,RANDBETWEEN($O$17,$P$17),IF($E91=$O$19,RANDBETWEEN($O$20,$P$20),IF($E91=$O$22,RANDBETWEEN($O$23,$P$23),IF($E91=$O$25,RANDBETWEEN($O$26,$P$26),IF($E91=$O$28,RANDBETWEEN($O$29,$P$29),"0")))))))))) -> 137 | K91: =IF($E91=$O$1,RANDBETWEEN($O$2,$P$2),IF($E91=$O$4,RANDBETWEEN($O$5,$P$5),IF($E91=$O$7,RANDBETWEEN($O$8,$P$8),IF($E91=$O$10,RANDBETWEEN($O$11,$P$11),IF($E91=$O$13,RANDBETWEEN($O$14,$P$14),IF($E91=$O$16,RANDBETWEEN($O$17,$P$17),IF($E91=$O$19,RANDBETWEEN($O$20,$P$20),IF($E91=$O$22,RANDBETWEEN($O$23,$P$23),IF($E91=$O$25,RANDBETWEEN($O$26,$P$26),IF($E91=$O$28,RANDBETWEEN($O$29,$P$29),"0")))))))))) -> 141
A92: ='1 шаблон'!A227 -> 0 | B92: ='1 шаблон'!A228 -> 0 | C92: ='1 шаблон'!B227 -> 0 | D92: ='1 шаблон'!C227 -> 0 | E92: =$O$1 -> Сталь 20 | F92: =IF($E92=$O$1,RANDBETWEEN($O$2,$P$2),IF($E92=$O$4,RANDBETWEEN($O$5,$P$5),IF($E92=$O$7,RANDBETWEEN($O$8,$P$8),IF($E92=$O$10,RANDBETWEEN($O$11,$P$11),IF($E92=$O$13,RANDBETWEEN($O$14,$P$14),IF($E92=$O$16,RANDBETWEEN($O$17,$P$17),IF($E92=$O$19,RANDBETWEEN($O$20,$P$20),IF($E92=$O$22,RANDBETWEEN($O$23,$P$23),IF($E92=$O$25,RANDBETWEEN($O$26,$P$26),IF($E92=$O$28,RANDBETWEEN($O$29,$P$29),"0")))))))))) -> 140 | G92: =IF($E92=$O$1,RANDBETWEEN($O$2,$P$2),IF($E92=$O$4,RANDBETWEEN($O$5,$P$5),IF($E92=$O$7,RANDBETWEEN($O$8,$P$8),IF($E92=$O$10,RANDBETWEEN($O$11,$P$11),IF($E92=$O$13,RANDBETWEEN($O$14,$P$14),IF($E92=$O$16,RANDBETWEEN($O$17,$P$17),IF($E92=$O$19,RANDBETWEEN($O$20,$P$20),IF($E92=$O$22,RANDBETWEEN($O$23,$P$23),IF($E92=$O$25,RANDBETWEEN($O$26,$P$26),IF($E92=$O$28,RANDBETWEEN($O$29,$P$29),"0")))))))))) -> 149 | H92: =IF($E92=$O$1,RANDBETWEEN($O$2,$P$2),IF($E92=$O$4,RANDBETWEEN($O$5,$P$5),IF($E92=$O$7,RANDBETWEEN($O$8,$P$8),IF($E92=$O$10,RANDBETWEEN($O$11,$P$11),IF($E92=$O$13,RANDBETWEEN($O$14,$P$14),IF($E92=$O$16,RANDBETWEEN($O$17,$P$17),IF($E92=$O$19,RANDBETWEEN($O$20,$P$20),IF($E92=$O$22,RANDBETWEEN($O$23,$P$23),IF($E92=$O$25,RANDBETWEEN($O$26,$P$26),IF($E92=$O$28,RANDBETWEEN($O$29,$P$29),"0")))))))))) -> 145 | I92: =IF($E92=$O$1,RANDBETWEEN($O$2,$P$2),IF($E92=$O$4,RANDBETWEEN($O$5,$P$5),IF($E92=$O$7,RANDBETWEEN($O$8,$P$8),IF($E92=$O$10,RANDBETWEEN($O$11,$P$11),IF($E92=$O$13,RANDBETWEEN($O$14,$P$14),IF($E92=$O$16,RANDBETWEEN($O$17,$P$17),IF($E92=$O$19,RANDBETWEEN($O$20,$P$20),IF($E92=$O$22,RANDBETWEEN($O$23,$P$23),IF($E92=$O$25,RANDBETWEEN($O$26,$P$26),IF($E92=$O$28,RANDBETWEEN($O$29,$P$29),"0")))))))))) -> 140 | J92: =IF($E92=$O$1,RANDBETWEEN($O$2,$P$2),IF($E92=$O$4,RANDBETWEEN($O$5,$P$5),IF($E92=$O$7,RANDBETWEEN($O$8,$P$8),IF($E92=$O$10,RANDBETWEEN($O$11,$P$11),IF($E92=$O$13,RANDBETWEEN($O$14,$P$14),IF($E92=$O$16,RANDBETWEEN($O$17,$P$17),IF($E92=$O$19,RANDBETWEEN($O$20,$P$20),IF($E92=$O$22,RANDBETWEEN($O$23,$P$23),IF($E92=$O$25,RANDBETWEEN($O$26,$P$26),IF($E92=$O$28,RANDBETWEEN($O$29,$P$29),"0")))))))))) -> 142 | K92: =IF($E92=$O$1,RANDBETWEEN($O$2,$P$2),IF($E92=$O$4,RANDBETWEEN($O$5,$P$5),IF($E92=$O$7,RANDBETWEEN($O$8,$P$8),IF($E92=$O$10,RANDBETWEEN($O$11,$P$11),IF($E92=$O$13,RANDBETWEEN($O$14,$P$14),IF($E92=$O$16,RANDBETWEEN($O$17,$P$17),IF($E92=$O$19,RANDBETWEEN($O$20,$P$20),IF($E92=$O$22,RANDBETWEEN($O$23,$P$23),IF($E92=$O$25,RANDBETWEEN($O$26,$P$26),IF($E92=$O$28,RANDBETWEEN($O$29,$P$29),"0")))))))))) -> 141
A93: ='1 шаблон'!A230 -> 0 | B93: ='1 шаблон'!A231 -> 0 | C93: ='1 шаблон'!B230 -> 0 | D93: ='1 шаблон'!C230 -> 0 | E93: =$O$1 -> Сталь 20 | F93: =IF($E93=$O$1,RANDBETWEEN($O$2,$P$2),IF($E93=$O$4,RANDBETWEEN($O$5,$P$5),IF($E93=$O$7,RANDBETWEEN($O$8,$P$8),IF($E93=$O$10,RANDBETWEEN($O$11,$P$11),IF($E93=$O$13,RANDBETWEEN($O$14,$P$14),IF($E93=$O$16,RANDBETWEEN($O$17,$P$17),IF($E93=$O$19,RANDBETWEEN($O$20,$P$20),IF($E93=$O$22,RANDBETWEEN($O$23,$P$23),IF($E93=$O$25,RANDBETWEEN($O$26,$P$26),IF($E93=$O$28,RANDBETWEEN($O$29,$P$29),"0")))))))))) -> 149 | G93: =IF($E93=$O$1,RANDBETWEEN($O$2,$P$2),IF($E93=$O$4,RANDBETWEEN($O$5,$P$5),IF($E93=$O$7,RANDBETWEEN($O$8,$P$8),IF($E93=$O$10,RANDBETWEEN($O$11,$P$11),IF($E93=$O$13,RANDBETWEEN($O$14,$P$14),IF($E93=$O$16,RANDBETWEEN($O$17,$P$17),IF($E93=$O$19,RANDBETWEEN($O$20,$P$20),IF($E93=$O$22,RANDBETWEEN($O$23,$P$23),IF($E93=$O$25,RANDBETWEEN($O$26,$P$26),IF($E93=$O$28,RANDBETWEEN($O$29,$P$29),"0")))))))))) -> 142 | H93: =IF($E93=$O$1,RANDBETWEEN($O$2,$P$2),IF($E93=$O$4,RANDBETWEEN($O$5,$P$5),IF($E93=$O$7,RANDBETWEEN($O$8,$P$8),IF($E93=$O$10,RANDBETWEEN($O$11,$P$11),IF($E93=$O$13,RANDBETWEEN($O$14,$P$14),IF($E93=$O$16,RANDBETWEEN($O$17,$P$17),IF($E93=$O$19,RANDBETWEEN($O$20,$P$20),IF($E93=$O$22,RANDBETWEEN($O$23,$P$23),IF($E93=$O$25,RANDBETWEEN($O$26,$P$26),IF($E93=$O$28,RANDBETWEEN($O$29,$P$29),"0")))))))))) -> 145 | I93: =IF($E93=$O$1,RANDBETWEEN($O$2,$P$2),IF($E93=$O$4,RANDBETWEEN($O$5,$P$5),IF($E93=$O$7,RANDBETWEEN($O$8,$P$8),IF($E93=$O$10,RANDBETWEEN($O$11,$P$11),IF($E93=$O$13,RANDBETWEEN($O$14,$P$14),IF($E93=$O$16,RANDBETWEEN($O$17,$P$17),IF($E93=$O$19,RANDBETWEEN($O$20,$P$20),IF($E93=$O$22,RANDBETWEEN($O$23,$P$23),IF($E93=$O$25,RANDBETWEEN($O$26,$P$26),IF($E93=$O$28,RANDBETWEEN($O$29,$P$29),"0")))))))))) -> 139 | J93: =IF($E93=$O$1,RANDBETWEEN($O$2,$P$2),IF($E93=$O$4,RANDBETWEEN($O$5,$P$5),IF($E93=$O$7,RANDBETWEEN($O$8,$P$8),IF($E93=$O$10,RANDBETWEEN($O$11,$P$11),IF($E93=$O$13,RANDBETWEEN($O$14,$P$14),IF($E93=$O$16,RANDBETWEEN($O$17,$P$17),IF($E93=$O$19,RANDBETWEEN($O$20,$P$20),IF($E93=$O$22,RANDBETWEEN($O$23,$P$23),IF($E93=$O$25,RANDBETWEEN($O$26,$P$26),IF($E93=$O$28,RANDBETWEEN($O$29,$P$29),"0")))))))))) -> 149 | K93: =IF($E93=$O$1,RANDBETWEEN($O$2,$P$2),IF($E93=$O$4,RANDBETWEEN($O$5,$P$5),IF($E93=$O$7,RANDBETWEEN($O$8,$P$8),IF($E93=$O$10,RANDBETWEEN($O$11,$P$11),IF($E93=$O$13,RANDBETWEEN($O$14,$P$14),IF($E93=$O$16,RANDBETWEEN($O$17,$P$17),IF($E93=$O$19,RANDBETWEEN($O$20,$P$20),IF($E93=$O$22,RANDBETWEEN($O$23,$P$23),IF($E93=$O$25,RANDBETWEEN($O$26,$P$26),IF($E93=$O$28,RANDBETWEEN($O$29,$P$29),"0")))))))))) -> 141
A94: ='1 шаблон'!A233 -> 0 | B94: ='1 шаблон'!A234 -> 0 | C94: ='1 шаблон'!B233 -> 0 | D94: ='1 шаблон'!C233 -> 0 | E94: =$O$1 -> Сталь 20 | F94: =IF($E94=$O$1,RANDBETWEEN($O$2,$P$2),IF($E94=$O$4,RANDBETWEEN($O$5,$P$5),IF($E94=$O$7,RANDBETWEEN($O$8,$P$8),IF($E94=$O$10,RANDBETWEEN($O$11,$P$11),IF($E94=$O$13,RANDBETWEEN($O$14,$P$14),IF($E94=$O$16,RANDBETWEEN($O$17,$P$17),IF($E94=$O$19,RANDBETWEEN($O$20,$P$20),IF($E94=$O$22,RANDBETWEEN($O$23,$P$23),IF($E94=$O$25,RANDBETWEEN($O$26,$P$26),IF($E94=$O$28,RANDBETWEEN($O$29,$P$29),"0")))))))))) -> 146 | G94: =IF($E94=$O$1,RANDBETWEEN($O$2,$P$2),IF($E94=$O$4,RANDBETWEEN($O$5,$P$5),IF($E94=$O$7,RANDBETWEEN($O$8,$P$8),IF($E94=$O$10,RANDBETWEEN($O$11,$P$11),IF($E94=$O$13,RANDBETWEEN($O$14,$P$14),IF($E94=$O$16,RANDBETWEEN($O$17,$P$17),IF($E94=$O$19,RANDBETWEEN($O$20,$P$20),IF($E94=$O$22,RANDBETWEEN($O$23,$P$23),IF($E94=$O$25,RANDBETWEEN($O$26,$P$26),IF($E94=$O$28,RANDBETWEEN($O$29,$P$29),"0")))))))))) -> 150 | H94: =IF($E94=$O$1,RANDBETWEEN($O$2,$P$2),IF($E94=$O$4,RANDBETWEEN($O$5,$P$5),IF($E94=$O$7,RANDBETWEEN($O$8,$P$8),IF($E94=$O$10,RANDBETWEEN($O$11,$P$11),IF($E94=$O$13,RANDBETWEEN($O$14,$P$14),IF($E94=$O$16,RANDBETWEEN($O$17,$P$17),IF($E94=$O$19,RANDBETWEEN($O$20,$P$20),IF($E94=$O$22,RANDBETWEEN($O$23,$P$23),IF($E94=$O$25,RANDBETWEEN($O$26,$P$26),IF($E94=$O$28,RANDBETWEEN($O$29,$P$29),"0")))))))))) -> 141 | I94: =IF($E94=$O$1,RANDBETWEEN($O$2,$P$2),IF($E94=$O$4,RANDBETWEEN($O$5,$P$5),IF($E94=$O$7,RANDBETWEEN($O$8,$P$8),IF($E94=$O$10,RANDBETWEEN($O$11,$P$11),IF($E94=$O$13,RANDBETWEEN($O$14,$P$14),IF($E94=$O$16,RANDBETWEEN($O$17,$P$17),IF($E94=$O$19,RANDBETWEEN($O$20,$P$20),IF($E94=$O$22,RANDBETWEEN($O$23,$P$23),IF($E94=$O$25,RANDBETWEEN($O$26,$P$26),IF($E94=$O$28,RANDBETWEEN($O$29,$P$29),"0")))))))))) -> 149 | J94: =IF($E94=$O$1,RANDBETWEEN($O$2,$P$2),IF($E94=$O$4,RANDBETWEEN($O$5,$P$5),IF($E94=$O$7,RANDBETWEEN($O$8,$P$8),IF($E94=$O$10,RANDBETWEEN($O$11,$P$11),IF($E94=$O$13,RANDBETWEEN($O$14,$P$14),IF($E94=$O$16,RANDBETWEEN($O$17,$P$17),IF($E94=$O$19,RANDBETWEEN($O$20,$P$20),IF($E94=$O$22,RANDBETWEEN($O$23,$P$23),IF($E94=$O$25,RANDBETWEEN($O$26,$P$26),IF($E94=$O$28,RANDBETWEEN($O$29,$P$29),"0")))))))))) -> 142 | K94: =IF($E94=$O$1,RANDBETWEEN($O$2,$P$2),IF($E94=$O$4,RANDBETWEEN($O$5,$P$5),IF($E94=$O$7,RANDBETWEEN($O$8,$P$8),IF($E94=$O$10,RANDBETWEEN($O$11,$P$11),IF($E94=$O$13,RANDBETWEEN($O$14,$P$14),IF($E94=$O$16,RANDBETWEEN($O$17,$P$17),IF($E94=$O$19,RANDBETWEEN($O$20,$P$20),IF($E94=$O$22,RANDBETWEEN($O$23,$P$23),IF($E94=$O$25,RANDBETWEEN($O$26,$P$26),IF($E94=$O$28,RANDBETWEEN($O$29,$P$29),"0")))))))))) -> 144
A95: ='1 шаблон'!A236 -> 0 | B95: ='1 шаблон'!A237 -> 0 | C95: ='1 шаблон'!B236 -> 0 | D95: ='1 шаблон'!C236 -> 0 | E95: =$O$1 -> Сталь 20 | F95: =IF($E95=$O$1,RANDBETWEEN($O$2,$P$2),IF($E95=$O$4,RANDBETWEEN($O$5,$P$5),IF($E95=$O$7,RANDBETWEEN($O$8,$P$8),IF($E95=$O$10,RANDBETWEEN($O$11,$P$11),IF($E95=$O$13,RANDBETWEEN($O$14,$P$14),IF($E95=$O$16,RANDBETWEEN($O$17,$P$17),IF($E95=$O$19,RANDBETWEEN($O$20,$P$20),IF($E95=$O$22,RANDBETWEEN($O$23,$P$23),IF($E95=$O$25,RANDBETWEEN($O$26,$P$26),IF($E95=$O$28,RANDBETWEEN($O$29,$P$29),"0")))))))))) -> 153 | G95: =IF($E95=$O$1,RANDBETWEEN($O$2,$P$2),IF($E95=$O$4,RANDBETWEEN($O$5,$P$5),IF($E95=$O$7,RANDBETWEEN($O$8,$P$8),IF($E95=$O$10,RANDBETWEEN($O$11,$P$11),IF($E95=$O$13,RANDBETWEEN($O$14,$P$14),IF($E95=$O$16,RANDBETWEEN($O$17,$P$17),IF($E95=$O$19,RANDBETWEEN($O$20,$P$20),IF($E95=$O$22,RANDBETWEEN($O$23,$P$23),IF($E95=$O$25,RANDBETWEEN($O$26,$P$26),IF($E95=$O$28,RANDBETWEEN($O$29,$P$29),"0")))))))))) -> 143 | H95: =IF($E95=$O$1,RANDBETWEEN($O$2,$P$2),IF($E95=$O$4,RANDBETWEEN($O$5,$P$5),IF($E95=$O$7,RANDBETWEEN($O$8,$P$8),IF($E95=$O$10,RANDBETWEEN($O$11,$P$11),IF($E95=$O$13,RANDBETWEEN($O$14,$P$14),IF($E95=$O$16,RANDBETWEEN($O$17,$P$17),IF($E95=$O$19,RANDBETWEEN($O$20,$P$20),IF($E95=$O$22,RANDBETWEEN($O$23,$P$23),IF($E95=$O$25,RANDBETWEEN($O$26,$P$26),IF($E95=$O$28,RANDBETWEEN($O$29,$P$29),"0")))))))))) -> 148 | I95: =IF($E95=$O$1,RANDBETWEEN($O$2,$P$2),IF($E95=$O$4,RANDBETWEEN($O$5,$P$5),IF($E95=$O$7,RANDBETWEEN($O$8,$P$8),IF($E95=$O$10,RANDBETWEEN($O$11,$P$11),IF($E95=$O$13,RANDBETWEEN($O$14,$P$14),IF($E95=$O$16,RANDBETWEEN($O$17,$P$17),IF($E95=$O$19,RANDBETWEEN($O$20,$P$20),IF($E95=$O$22,RANDBETWEEN($O$23,$P$23),IF($E95=$O$25,RANDBETWEEN($O$26,$P$26),IF($E95=$O$28,RANDBETWEEN($O$29,$P$29),"0")))))))))) -> 142 | J95: =IF($E95=$O$1,RANDBETWEEN($O$2,$P$2),IF($E95=$O$4,RANDBETWEEN($O$5,$P$5),IF($E95=$O$7,RANDBETWEEN($O$8,$P$8),IF($E95=$O$10,RANDBETWEEN($O$11,$P$11),IF($E95=$O$13,RANDBETWEEN($O$14,$P$14),IF($E95=$O$16,RANDBETWEEN($O$17,$P$17),IF($E95=$O$19,RANDBETWEEN($O$20,$P$20),IF($E95=$O$22,RANDBETWEEN($O$23,$P$23),IF($E95=$O$25,RANDBETWEEN($O$26,$P$26),IF($E95=$O$28,RANDBETWEEN($O$29,$P$29),"0")))))))))) -> 152 | K95: =IF($E95=$O$1,RANDBETWEEN($O$2,$P$2),IF($E95=$O$4,RANDBETWEEN($O$5,$P$5),IF($E95=$O$7,RANDBETWEEN($O$8,$P$8),IF($E95=$O$10,RANDBETWEEN($O$11,$P$11),IF($E95=$O$13,RANDBETWEEN($O$14,$P$14),IF($E95=$O$16,RANDBETWEEN($O$17,$P$17),IF($E95=$O$19,RANDBETWEEN($O$20,$P$20),IF($E95=$O$22,RANDBETWEEN($O$23,$P$23),IF($E95=$O$25,RANDBETWEEN($O$26,$P$26),IF($E95=$O$28,RANDBETWEEN($O$29,$P$29),"0")))))))))) -> 144
A96: ='1 шаблон'!A239 -> 0 | B96: ='1 шаблон'!A240 -> 0 | C96: ='1 шаблон'!B239 -> 0 | D96: ='1 шаблон'!C239 -> 0 | E96: =$O$1 -> Сталь 20 | F96: =IF($E96=$O$1,RANDBETWEEN($O$2,$P$2),IF($E96=$O$4,RANDBETWEEN($O$5,$P$5),IF($E96=$O$7,RANDBETWEEN($O$8,$P$8),IF($E96=$O$10,RANDBETWEEN($O$11,$P$11),IF($E96=$O$13,RANDBETWEEN($O$14,$P$14),IF($E96=$O$16,RANDBETWEEN($O$17,$P$17),IF($E96=$O$19,RANDBETWEEN($O$20,$P$20),IF($E96=$O$22,RANDBETWEEN($O$23,$P$23),IF($E96=$O$25,RANDBETWEEN($O$26,$P$26),IF($E96=$O$28,RANDBETWEEN($O$29,$P$29),"0")))))))))) -> 142 | G96: =IF($E96=$O$1,RANDBETWEEN($O$2,$P$2),IF($E96=$O$4,RANDBETWEEN($O$5,$P$5),IF($E96=$O$7,RANDBETWEEN($O$8,$P$8),IF($E96=$O$10,RANDBETWEEN($O$11,$P$11),IF($E96=$O$13,RANDBETWEEN($O$14,$P$14),IF($E96=$O$16,RANDBETWEEN($O$17,$P$17),IF($E96=$O$19,RANDBETWEEN($O$20,$P$20),IF($E96=$O$22,RANDBETWEEN($O$23,$P$23),IF($E96=$O$25,RANDBETWEEN($O$26,$P$26),IF($E96=$O$28,RANDBETWEEN($O$29,$P$29),"0")))))))))) -> 147 | H96: =IF($E96=$O$1,RANDBETWEEN($O$2,$P$2),IF($E96=$O$4,RANDBETWEEN($O$5,$P$5),IF($E96=$O$7,RANDBETWEEN($O$8,$P$8),IF($E96=$O$10,RANDBETWEEN($O$11,$P$11),IF($E96=$O$13,RANDBETWEEN($O$14,$P$14),IF($E96=$O$16,RANDBETWEEN($O$17,$P$17),IF($E96=$O$19,RANDBETWEEN($O$20,$P$20),IF($E96=$O$22,RANDBETWEEN($O$23,$P$23),IF($E96=$O$25,RANDBETWEEN($O$26,$P$26),IF($E96=$O$28,RANDBETWEEN($O$29,$P$29),"0")))))))))) -> 141 | I96: =IF($E96=$O$1,RANDBETWEEN($O$2,$P$2),IF($E96=$O$4,RANDBETWEEN($O$5,$P$5),IF($E96=$O$7,RANDBETWEEN($O$8,$P$8),IF($E96=$O$10,RANDBETWEEN($O$11,$P$11),IF($E96=$O$13,RANDBETWEEN($O$14,$P$14),IF($E96=$O$16,RANDBETWEEN($O$17,$P$17),IF($E96=$O$19,RANDBETWEEN($O$20,$P$20),IF($E96=$O$22,RANDBETWEEN($O$23,$P$23),IF($E96=$O$25,RANDBETWEEN($O$26,$P$26),IF($E96=$O$28,RANDBETWEEN($O$29,$P$29),"0")))))))))) -> 148 | J96: =IF($E96=$O$1,RANDBETWEEN($O$2,$P$2),IF($E96=$O$4,RANDBETWEEN($O$5,$P$5),IF($E96=$O$7,RANDBETWEEN($O$8,$P$8),IF($E96=$O$10,RANDBETWEEN($O$11,$P$11),IF($E96=$O$13,RANDBETWEEN($O$14,$P$14),IF($E96=$O$16,RANDBETWEEN($O$17,$P$17),IF($E96=$O$19,RANDBETWEEN($O$20,$P$20),IF($E96=$O$22,RANDBETWEEN($O$23,$P$23),IF($E96=$O$25,RANDBETWEEN($O$26,$P$26),IF($E96=$O$28,RANDBETWEEN($O$29,$P$29),"0")))))))))) -> 138 | K96: =IF($E96=$O$1,RANDBETWEEN($O$2,$P$2),IF($E96=$O$4,RANDBETWEEN($O$5,$P$5),IF($E96=$O$7,RANDBETWEEN($O$8,$P$8),IF($E96=$O$10,RANDBETWEEN($O$11,$P$11),IF($E96=$O$13,RANDBETWEEN($O$14,$P$14),IF($E96=$O$16,RANDBETWEEN($O$17,$P$17),IF($E96=$O$19,RANDBETWEEN($O$20,$P$20),IF($E96=$O$22,RANDBETWEEN($O$23,$P$23),IF($E96=$O$25,RANDBETWEEN($O$26,$P$26),IF($E96=$O$28,RANDBETWEEN($O$29,$P$29),"0")))))))))) -> 148
A97: ='1 шаблон'!A242 -> 0 | B97: ='1 шаблон'!A243 -> 0 | C97: ='1 шаблон'!B242 -> 0 | D97: ='1 шаблон'!C242 -> 0 | E97: =$O$1 -> Сталь 20 | F97: =IF($E97=$O$1,RANDBETWEEN($O$2,$P$2),IF($E97=$O$4,RANDBETWEEN($O$5,$P$5),IF($E97=$O$7,RANDBETWEEN($O$8,$P$8),IF($E97=$O$10,RANDBETWEEN($O$11,$P$11),IF($E97=$O$13,RANDBETWEEN($O$14,$P$14),IF($E97=$O$16,RANDBETWEEN($O$17,$P$17),IF($E97=$O$19,RANDBETWEEN($O$20,$P$20),IF($E97=$O$22,RANDBETWEEN($O$23,$P$23),IF($E97=$O$25,RANDBETWEEN($O$26,$P$26),IF($E97=$O$28,RANDBETWEEN($O$29,$P$29),"0")))))))))) -> 149 | G97: =IF($E97=$O$1,RANDBETWEEN($O$2,$P$2),IF($E97=$O$4,RANDBETWEEN($O$5,$P$5),IF($E97=$O$7,RANDBETWEEN($O$8,$P$8),IF($E97=$O$10,RANDBETWEEN($O$11,$P$11),IF($E97=$O$13,RANDBETWEEN($O$14,$P$14),IF($E97=$O$16,RANDBETWEEN($O$17,$P$17),IF($E97=$O$19,RANDBETWEEN($O$20,$P$20),IF($E97=$O$22,RANDBETWEEN($O$23,$P$23),IF($E97=$O$25,RANDBETWEEN($O$26,$P$26),IF($E97=$O$28,RANDBETWEEN($O$29,$P$29),"0")))))))))) -> 148 | H97: =IF($E97=$O$1,RANDBETWEEN($O$2,$P$2),IF($E97=$O$4,RANDBETWEEN($O$5,$P$5),IF($E97=$O$7,RANDBETWEEN($O$8,$P$8),IF($E97=$O$10,RANDBETWEEN($O$11,$P$11),IF($E97=$O$13,RANDBETWEEN($O$14,$P$14),IF($E97=$O$16,RANDBETWEEN($O$17,$P$17),IF($E97=$O$19,RANDBETWEEN($O$20,$P$20),IF($E97=$O$22,RANDBETWEEN($O$23,$P$23),IF($E97=$O$25,RANDBETWEEN($O$26,$P$26),IF($E97=$O$28,RANDBETWEEN($O$29,$P$29),"0")))))))))) -> 149 | I97: =IF($E97=$O$1,RANDBETWEEN($O$2,$P$2),IF($E97=$O$4,RANDBETWEEN($O$5,$P$5),IF($E97=$O$7,RANDBETWEEN($O$8,$P$8),IF($E97=$O$10,RANDBETWEEN($O$11,$P$11),IF($E97=$O$13,RANDBETWEEN($O$14,$P$14),IF($E97=$O$16,RANDBETWEEN($O$17,$P$17),IF($E97=$O$19,RANDBETWEEN($O$20,$P$20),IF($E97=$O$22,RANDBETWEEN($O$23,$P$23),IF($E97=$O$25,RANDBETWEEN($O$26,$P$26),IF($E97=$O$28,RANDBETWEEN($O$29,$P$29),"0")))))))))) -> 143 | J97: =IF($E97=$O$1,RANDBETWEEN($O$2,$P$2),IF($E97=$O$4,RANDBETWEEN($O$5,$P$5),IF($E97=$O$7,RANDBETWEEN($O$8,$P$8),IF($E97=$O$10,RANDBETWEEN($O$11,$P$11),IF($E97=$O$13,RANDBETWEEN($O$14,$P$14),IF($E97=$O$16,RANDBETWEEN($O$17,$P$17),IF($E97=$O$19,RANDBETWEEN($O$20,$P$20),IF($E97=$O$22,RANDBETWEEN($O$23,$P$23),IF($E97=$O$25,RANDBETWEEN($O$26,$P$26),IF($E97=$O$28,RANDBETWEEN($O$29,$P$29),"0")))))))))) -> 138 | K97: =IF($E97=$O$1,RANDBETWEEN($O$2,$P$2),IF($E97=$O$4,RANDBETWEEN($O$5,$P$5),IF($E97=$O$7,RANDBETWEEN($O$8,$P$8),IF($E97=$O$10,RANDBETWEEN($O$11,$P$11),IF($E97=$O$13,RANDBETWEEN($O$14,$P$14),IF($E97=$O$16,RANDBETWEEN($O$17,$P$17),IF($E97=$O$19,RANDBETWEEN($O$20,$P$20),IF($E97=$O$22,RANDBETWEEN($O$23,$P$23),IF($E97=$O$25,RANDBETWEEN($O$26,$P$26),IF($E97=$O$28,RANDBETWEEN($O$29,$P$29),"0")))))))))) -> 138
A98: ='1 шаблон'!A245 -> 0 | B98: ='1 шаблон'!A246 -> 0 | C98: ='1 шаблон'!B245 -> 0 | D98: ='1 шаблон'!C245 -> 0 | E98: =$O$1 -> Сталь 20 | F98: =IF($E98=$O$1,RANDBETWEEN($O$2,$P$2),IF($E98=$O$4,RANDBETWEEN($O$5,$P$5),IF($E98=$O$7,RANDBETWEEN($O$8,$P$8),IF($E98=$O$10,RANDBETWEEN($O$11,$P$11),IF($E98=$O$13,RANDBETWEEN($O$14,$P$14),IF($E98=$O$16,RANDBETWEEN($O$17,$P$17),IF($E98=$O$19,RANDBETWEEN($O$20,$P$20),IF($E98=$O$22,RANDBETWEEN($O$23,$P$23),IF($E98=$O$25,RANDBETWEEN($O$26,$P$26),IF($E98=$O$28,RANDBETWEEN($O$29,$P$29),"0")))))))))) -> 140 | G98: =IF($E98=$O$1,RANDBETWEEN($O$2,$P$2),IF($E98=$O$4,RANDBETWEEN($O$5,$P$5),IF($E98=$O$7,RANDBETWEEN($O$8,$P$8),IF($E98=$O$10,RANDBETWEEN($O$11,$P$11),IF($E98=$O$13,RANDBETWEEN($O$14,$P$14),IF($E98=$O$16,RANDBETWEEN($O$17,$P$17),IF($E98=$O$19,RANDBETWEEN($O$20,$P$20),IF($E98=$O$22,RANDBETWEEN($O$23,$P$23),IF($E98=$O$25,RANDBETWEEN($O$26,$P$26),IF($E98=$O$28,RANDBETWEEN($O$29,$P$29),"0")))))))))) -> 137 | H98: =IF($E98=$O$1,RANDBETWEEN($O$2,$P$2),IF($E98=$O$4,RANDBETWEEN($O$5,$P$5),IF($E98=$O$7,RANDBETWEEN($O$8,$P$8),IF($E98=$O$10,RANDBETWEEN($O$11,$P$11),IF($E98=$O$13,RANDBETWEEN($O$14,$P$14),IF($E98=$O$16,RANDBETWEEN($O$17,$P$17),IF($E98=$O$19,RANDBETWEEN($O$20,$P$20),IF($E98=$O$22,RANDBETWEEN($O$23,$P$23),IF($E98=$O$25,RANDBETWEEN($O$26,$P$26),IF($E98=$O$28,RANDBETWEEN($O$29,$P$29),"0")))))))))) -> 137 | I98: =IF($E98=$O$1,RANDBETWEEN($O$2,$P$2),IF($E98=$O$4,RANDBETWEEN($O$5,$P$5),IF($E98=$O$7,RANDBETWEEN($O$8,$P$8),IF($E98=$O$10,RANDBETWEEN($O$11,$P$11),IF($E98=$O$13,RANDBETWEEN($O$14,$P$14),IF($E98=$O$16,RANDBETWEEN($O$17,$P$17),IF($E98=$O$19,RANDBETWEEN($O$20,$P$20),IF($E98=$O$22,RANDBETWEEN($O$23,$P$23),IF($E98=$O$25,RANDBETWEEN($O$26,$P$26),IF($E98=$O$28,RANDBETWEEN($O$29,$P$29),"0")))))))))) -> 143 | J98: =IF($E98=$O$1,RANDBETWEEN($O$2,$P$2),IF($E98=$O$4,RANDBETWEEN($O$5,$P$5),IF($E98=$O$7,RANDBETWEEN($O$8,$P$8),IF($E98=$O$10,RANDBETWEEN($O$11,$P$11),IF($E98=$O$13,RANDBETWEEN($O$14,$P$14),IF($E98=$O$16,RANDBETWEEN($O$17,$P$17),IF($E98=$O$19,RANDBETWEEN($O$20,$P$20),IF($E98=$O$22,RANDBETWEEN($O$23,$P$23),IF($E98=$O$25,RANDBETWEEN($O$26,$P$26),IF($E98=$O$28,RANDBETWEEN($O$29,$P$29),"0")))))))))) -> 147 | K98: =IF($E98=$O$1,RANDBETWEEN($O$2,$P$2),IF($E98=$O$4,RANDBETWEEN($O$5,$P$5),IF($E98=$O$7,RANDBETWEEN($O$8,$P$8),IF($E98=$O$10,RANDBETWEEN($O$11,$P$11),IF($E98=$O$13,RANDBETWEEN($O$14,$P$14),IF($E98=$O$16,RANDBETWEEN($O$17,$P$17),IF($E98=$O$19,RANDBETWEEN($O$20,$P$20),IF($E98=$O$22,RANDBETWEEN($O$23,$P$23),IF($E98=$O$25,RANDBETWEEN($O$26,$P$26),IF($E98=$O$28,RANDBETWEEN($O$29,$P$29),"0")))))))))) -> 149
A99: ='1 шаблон'!A248 -> 0 | B99: ='1 шаблон'!A249 -> 0 | C99: ='1 шаблон'!B248 -> 0 | D99: ='1 шаблон'!C248 -> 0 | E99: =$O$1 -> Сталь 20 | F99: =IF($E99=$O$1,RANDBETWEEN($O$2,$P$2),IF($E99=$O$4,RANDBETWEEN($O$5,$P$5),IF($E99=$O$7,RANDBETWEEN($O$8,$P$8),IF($E99=$O$10,RANDBETWEEN($O$11,$P$11),IF($E99=$O$13,RANDBETWEEN($O$14,$P$14),IF($E99=$O$16,RANDBETWEEN($O$17,$P$17),IF($E99=$O$19,RANDBETWEEN($O$20,$P$20),IF($E99=$O$22,RANDBETWEEN($O$23,$P$23),IF($E99=$O$25,RANDBETWEEN($O$26,$P$26),IF($E99=$O$28,RANDBETWEEN($O$29,$P$29),"0")))))))))) -> 142 | G99: =IF($E99=$O$1,RANDBETWEEN($O$2,$P$2),IF($E99=$O$4,RANDBETWEEN($O$5,$P$5),IF($E99=$O$7,RANDBETWEEN($O$8,$P$8),IF($E99=$O$10,RANDBETWEEN($O$11,$P$11),IF($E99=$O$13,RANDBETWEEN($O$14,$P$14),IF($E99=$O$16,RANDBETWEEN($O$17,$P$17),IF($E99=$O$19,RANDBETWEEN($O$20,$P$20),IF($E99=$O$22,RANDBETWEEN($O$23,$P$23),IF($E99=$O$25,RANDBETWEEN($O$26,$P$26),IF($E99=$O$28,RANDBETWEEN($O$29,$P$29),"0")))))))))) -> 138 | H99: =IF($E99=$O$1,RANDBETWEEN($O$2,$P$2),IF($E99=$O$4,RANDBETWEEN($O$5,$P$5),IF($E99=$O$7,RANDBETWEEN($O$8,$P$8),IF($E99=$O$10,RANDBETWEEN($O$11,$P$11),IF($E99=$O$13,RANDBETWEEN($O$14,$P$14),IF($E99=$O$16,RANDBETWEEN($O$17,$P$17),IF($E99=$O$19,RANDBETWEEN($O$20,$P$20),IF($E99=$O$22,RANDBETWEEN($O$23,$P$23),IF($E99=$O$25,RANDBETWEEN($O$26,$P$26),IF($E99=$O$28,RANDBETWEEN($O$29,$P$29),"0")))))))))) -> 153 | I99: =IF($E99=$O$1,RANDBETWEEN($O$2,$P$2),IF($E99=$O$4,RANDBETWEEN($O$5,$P$5),IF($E99=$O$7,RANDBETWEEN($O$8,$P$8),IF($E99=$O$10,RANDBETWEEN($O$11,$P$11),IF($E99=$O$13,RANDBETWEEN($O$14,$P$14),IF($E99=$O$16,RANDBETWEEN($O$17,$P$17),IF($E99=$O$19,RANDBETWEEN($O$20,$P$20),IF($E99=$O$22,RANDBETWEEN($O$23,$P$23),IF($E99=$O$25,RANDBETWEEN($O$26,$P$26),IF($E99=$O$28,RANDBETWEEN($O$29,$P$29),"0")))))))))) -> 153 | J99: =IF($E99=$O$1,RANDBETWEEN($O$2,$P$2),IF($E99=$O$4,RANDBETWEEN($O$5,$P$5),IF($E99=$O$7,RANDBETWEEN($O$8,$P$8),IF($E99=$O$10,RANDBETWEEN($O$11,$P$11),IF($E99=$O$13,RANDBETWEEN($O$14,$P$14),IF($E99=$O$16,RANDBETWEEN($O$17,$P$17),IF($E99=$O$19,RANDBETWEEN($O$20,$P$20),IF($E99=$O$22,RANDBETWEEN($O$23,$P$23),IF($E99=$O$25,RANDBETWEEN($O$26,$P$26),IF($E99=$O$28,RANDBETWEEN($O$29,$P$29),"0")))))))))) -> 140 | K99: =IF($E99=$O$1,RANDBETWEEN($O$2,$P$2),IF($E99=$O$4,RANDBETWEEN($O$5,$P$5),IF($E99=$O$7,RANDBETWEEN($O$8,$P$8),IF($E99=$O$10,RANDBETWEEN($O$11,$P$11),IF($E99=$O$13,RANDBETWEEN($O$14,$P$14),IF($E99=$O$16,RANDBETWEEN($O$17,$P$17),IF($E99=$O$19,RANDBETWEEN($O$20,$P$20),IF($E99=$O$22,RANDBETWEEN($O$23,$P$23),IF($E99=$O$25,RANDBETWEEN($O$26,$P$26),IF($E99=$O$28,RANDBETWEEN($O$29,$P$29),"0")))))))))) -> 152
A100: ='1 шаблон'!A251 -> 0 | B100: ='1 шаблон'!A252 -> 0 | C100: ='1 шаблон'!B251 -> 0 | D100: ='1 шаблон'!C251 -> 0 | E100: =$O$1 -> Сталь 20 | F100: =IF($E100=$O$1,RANDBETWEEN($O$2,$P$2),IF($E100=$O$4,RANDBETWEEN($O$5,$P$5),IF($E100=$O$7,RANDBETWEEN($O$8,$P$8),IF($E100=$O$10,RANDBETWEEN($O$11,$P$11),IF($E100=$O$13,RANDBETWEEN($O$14,$P$14),IF($E100=$O$16,RANDBETWEEN($O$17,$P$17),IF($E100=$O$19,RANDBETWEEN($O$20,$P$20),IF($E100=$O$22,RANDBETWEEN($O$23,$P$23),IF($E100=$O$25,RANDBETWEEN($O$26,$P$26),IF($E100=$O$28,RANDBETWEEN($O$29,$P$29),"0")))))))))) -> 143 | G100: =IF($E100=$O$1,RANDBETWEEN($O$2,$P$2),IF($E100=$O$4,RANDBETWEEN($O$5,$P$5),IF($E100=$O$7,RANDBETWEEN($O$8,$P$8),IF($E100=$O$10,RANDBETWEEN($O$11,$P$11),IF($E100=$O$13,RANDBETWEEN($O$14,$P$14),IF($E100=$O$16,RANDBETWEEN($O$17,$P$17),IF($E100=$O$19,RANDBETWEEN($O$20,$P$20),IF($E100=$O$22,RANDBETWEEN($O$23,$P$23),IF($E100=$O$25,RANDBETWEEN($O$26,$P$26),IF($E100=$O$28,RANDBETWEEN($O$29,$P$29),"0")))))))))) -> 151 | H100: =IF($E100=$O$1,RANDBETWEEN($O$2,$P$2),IF($E100=$O$4,RANDBETWEEN($O$5,$P$5),IF($E100=$O$7,RANDBETWEEN($O$8,$P$8),IF($E100=$O$10,RANDBETWEEN($O$11,$P$11),IF($E100=$O$13,RANDBETWEEN($O$14,$P$14),IF($E100=$O$16,RANDBETWEEN($O$17,$P$17),IF($E100=$O$19,RANDBETWEEN($O$20,$P$20),IF($E100=$O$22,RANDBETWEEN($O$23,$P$23),IF($E100=$O$25,RANDBETWEEN($O$26,$P$26),IF($E100=$O$28,RANDBETWEEN($O$29,$P$29),"0")))))))))) -> 139 | I100: =IF($E100=$O$1,RANDBETWEEN($O$2,$P$2),IF($E100=$O$4,RANDBETWEEN($O$5,$P$5),IF($E100=$O$7,RANDBETWEEN($O$8,$P$8),IF($E100=$O$10,RANDBETWEEN($O$11,$P$11),IF($E100=$O$13,RANDBETWEEN($O$14,$P$14),IF($E100=$O$16,RANDBETWEEN($O$17,$P$17),IF($E100=$O$19,RANDBETWEEN($O$20,$P$20),IF($E100=$O$22,RANDBETWEEN($O$23,$P$23),IF($E100=$O$25,RANDBETWEEN($O$26,$P$26),IF($E100=$O$28,RANDBETWEEN($O$29,$P$29),"0")))))))))) -> 138 | J100: =IF($E100=$O$1,RANDBETWEEN($O$2,$P$2),IF($E100=$O$4,RANDBETWEEN($O$5,$P$5),IF($E100=$O$7,RANDBETWEEN($O$8,$P$8),IF($E100=$O$10,RANDBETWEEN($O$11,$P$11),IF($E100=$O$13,RANDBETWEEN($O$14,$P$14),IF($E100=$O$16,RANDBETWEEN($O$17,$P$17),IF($E100=$O$19,RANDBETWEEN($O$20,$P$20),IF($E100=$O$22,RANDBETWEEN($O$23,$P$23),IF($E100=$O$25,RANDBETWEEN($O$26,$P$26),IF($E100=$O$28,RANDBETWEEN($O$29,$P$29),"0")))))))))) -> 146 | K100: =IF($E100=$O$1,RANDBETWEEN($O$2,$P$2),IF($E100=$O$4,RANDBETWEEN($O$5,$P$5),IF($E100=$O$7,RANDBETWEEN($O$8,$P$8),IF($E100=$O$10,RANDBETWEEN($O$11,$P$11),IF($E100=$O$13,RANDBETWEEN($O$14,$P$14),IF($E100=$O$16,RANDBETWEEN($O$17,$P$17),IF($E100=$O$19,RANDBETWEEN($O$20,$P$20),IF($E100=$O$22,RANDBETWEEN($O$23,$P$23),IF($E100=$O$25,RANDBETWEEN($O$26,$P$26),IF($E100=$O$28,RANDBETWEEN($O$29,$P$29),"0")))))))))) -> 137
A101: ='1 шаблон'!A254 -> 0 | B101: ='1 шаблон'!A255 -> 0 | C101: ='1 шаблон'!B254 -> 0 | D101: ='1 шаблон'!C254 -> 0 | E101: =$O$1 -> Сталь 20 | F101: =IF($E101=$O$1,RANDBETWEEN($O$2,$P$2),IF($E101=$O$4,RANDBETWEEN($O$5,$P$5),IF($E101=$O$7,RANDBETWEEN($O$8,$P$8),IF($E101=$O$10,RANDBETWEEN($O$11,$P$11),IF($E101=$O$13,RANDBETWEEN($O$14,$P$14),IF($E101=$O$16,RANDBETWEEN($O$17,$P$17),IF($E101=$O$19,RANDBETWEEN($O$20,$P$20),IF($E101=$O$22,RANDBETWEEN($O$23,$P$23),IF($E101=$O$25,RANDBETWEEN($O$26,$P$26),IF($E101=$O$28,RANDBETWEEN($O$29,$P$29),"0")))))))))) -> 141 | G101: =IF($E101=$O$1,RANDBETWEEN($O$2,$P$2),IF($E101=$O$4,RANDBETWEEN($O$5,$P$5),IF($E101=$O$7,RANDBETWEEN($O$8,$P$8),IF($E101=$O$10,RANDBETWEEN($O$11,$P$11),IF($E101=$O$13,RANDBETWEEN($O$14,$P$14),IF($E101=$O$16,RANDBETWEEN($O$17,$P$17),IF($E101=$O$19,RANDBETWEEN($O$20,$P$20),IF($E101=$O$22,RANDBETWEEN($O$23,$P$23),IF($E101=$O$25,RANDBETWEEN($O$26,$P$26),IF($E101=$O$28,RANDBETWEEN($O$29,$P$29),"0")))))))))) -> 144 | H101: =IF($E101=$O$1,RANDBETWEEN($O$2,$P$2),IF($E101=$O$4,RANDBETWEEN($O$5,$P$5),IF($E101=$O$7,RANDBETWEEN($O$8,$P$8),IF($E101=$O$10,RANDBETWEEN($O$11,$P$11),IF($E101=$O$13,RANDBETWEEN($O$14,$P$14),IF($E101=$O$16,RANDBETWEEN($O$17,$P$17),IF($E101=$O$19,RANDBETWEEN($O$20,$P$20),IF($E101=$O$22,RANDBETWEEN($O$23,$P$23),IF($E101=$O$25,RANDBETWEEN($O$26,$P$26),IF($E101=$O$28,RANDBETWEEN($O$29,$P$29),"0")))))))))) -> 145 | I101: =IF($E101=$O$1,RANDBETWEEN($O$2,$P$2),IF($E101=$O$4,RANDBETWEEN($O$5,$P$5),IF($E101=$O$7,RANDBETWEEN($O$8,$P$8),IF($E101=$O$10,RANDBETWEEN($O$11,$P$11),IF($E101=$O$13,RANDBETWEEN($O$14,$P$14),IF($E101=$O$16,RANDBETWEEN($O$17,$P$17),IF($E101=$O$19,RANDBETWEEN($O$20,$P$20),IF($E101=$O$22,RANDBETWEEN($O$23,$P$23),IF($E101=$O$25,RANDBETWEEN($O$26,$P$26),IF($E101=$O$28,RANDBETWEEN($O$29,$P$29),"0")))))))))) -> 140 | J101: =IF($E101=$O$1,RANDBETWEEN($O$2,$P$2),IF($E101=$O$4,RANDBETWEEN($O$5,$P$5),IF($E101=$O$7,RANDBETWEEN($O$8,$P$8),IF($E101=$O$10,RANDBETWEEN($O$11,$P$11),IF($E101=$O$13,RANDBETWEEN($O$14,$P$14),IF($E101=$O$16,RANDBETWEEN($O$17,$P$17),IF($E101=$O$19,RANDBETWEEN($O$20,$P$20),IF($E101=$O$22,RANDBETWEEN($O$23,$P$23),IF($E101=$O$25,RANDBETWEEN($O$26,$P$26),IF($E101=$O$28,RANDBETWEEN($O$29,$P$29),"0")))))))))) -> 153 | K101: =IF($E101=$O$1,RANDBETWEEN($O$2,$P$2),IF($E101=$O$4,RANDBETWEEN($O$5,$P$5),IF($E101=$O$7,RANDBETWEEN($O$8,$P$8),IF($E101=$O$10,RANDBETWEEN($O$11,$P$11),IF($E101=$O$13,RANDBETWEEN($O$14,$P$14),IF($E101=$O$16,RANDBETWEEN($O$17,$P$17),IF($E101=$O$19,RANDBETWEEN($O$20,$P$20),IF($E101=$O$22,RANDBETWEEN($O$23,$P$23),IF($E101=$O$25,RANDBETWEEN($O$26,$P$26),IF($E101=$O$28,RANDBETWEEN($O$29,$P$29),"0")))))))))) -> 140
...

Sheet 2 Приложение 13 (чистовик)
A1: Для ОК, ЗКЛ, ЗДШ | J1: Результат | O1: Сталь 20
A2: № секции | B2: наим секции | C2: Пикет | D2: Диаметр, мм | E2: Марка стали | F2: Результаты измерений: НВ | J2: Мин | K2: =SUBTOTAL(5,F5:I25) -> 144 | O2: 137 | P2: 153
D3: мм | E3: стали | F3: т.1 | G3: т.2 | H3: т.3 | I3: т.4 | J3: Макс | K3: =SUBTOTAL(4,F5:I25) -> 151
A4: 1 | B4: 1 | C4: 2 | D4: 3 | E4: 4 | F4: 5 | G4: 6 | H4: 7 | I4: 8 | O4: Сталь 10
A5: ='1 шаблон'!A5 -> Секция 30 | B5: ='1 шаблон'!A6 -> ЗМС | C5: ='1 шаблон'!B5 -> 00+20 | D5: ='1 шаблон'!C5 -> 65 | E5: ='2 Приложение 13'!E5 -> Сталь 20 | F5: 146 | G5: 150 | H5: 151 | I5: 144 | O5: 125 | P5: 143
A6: ='1 шаблон'!A7 -> 0 | B6: ='1 шаблон'!A8 -> 0 | C6: ='1 шаблон'!B7 -> 0 | D6: ='1 шаблон'!C7 -> 0 | E6: ='2 Приложение 13'!E6 -> Сталь 20
A7: ='1 шаблон'!A9 -> 0 | B7: ='1 шаблон'!A10 -> 0 | C7: ='1 шаблон'!B9 -> 0 | D7: ='1 шаблон'!C9 -> 0 | E7: ='2 Приложение 13'!E7 -> Сталь 20Л | O7: Сталь 25Л
A8: ='1 шаблон'!A11 -> 0 | B8: ='1 шаблон'!A12 -> 0 | C8: ='1 шаблон'!B11 -> 0 | D8: ='1 шаблон'!C11 -> 0 | E8: ='2 Приложение 13'!E8 -> Сталь 20Л | O8: 121 | P8: 151
A9: ='1 шаблон'!A13 -> 0 | B9: ='1 шаблон'!A14 -> 0 | C9: ='1 шаблон'!B13 -> 0 | D9: ='1 шаблон'!C13 -> 0 | E9: ='2 Приложение 13'!E9 -> Сталь 20Л
A10: ='1 шаблон'!A15 -> 0 | B10: ='1 шаблон'!A16 -> 0 | C10: ='1 шаблон'!B15 -> 0 | D10: ='1 шаблон'!C15 -> 0 | E10: ='2 Приложение 13'!E10 -> Сталь 20 | O10: Сталь 20Л | Q10: (если Д<100)
A11: ='1 шаблон'!A17 -> 0 | B11: ='1 шаблон'!A18 -> 0 | C11: ='1 шаблон'!B17 -> 0 | D11: ='1 шаблон'!C17 -> 0 | E11: ='2 Приложение 13'!E11 -> Сталь 20 | O11: 116 | P11: 144
A12: ='1 шаблон'!A19 -> 0 | B12: ='1 шаблон'!A20 -> 0 | C12: ='1 шаблон'!B19 -> 0 | D12: ='1 шаблон'!C19 -> 0 | E12: ='2 Приложение 13'!E12 -> Сталь 20
A13: ='1 шаблон'!A21 -> 0 | B13: ='1 шаблон'!A22 -> 0 | C13: ='1 шаблон'!B21 -> 0 | D13: ='1 шаблон'!C21 -> 0 | E13: ='2 Приложение 13'!E13 -> Сталь 20 | O13: Сталь 20Л | Q13: (если Д>100)
A14: ='1 шаблон'!A23 -> 0 | B14: ='1 шаблон'!A24 -> 0 | C14: ='1 шаблон'!B23 -> 0 | D14: ='1 шаблон'!C23 -> 0 | E14: ='2 Приложение 13'!E14 -> Сталь 20 | O14: 111 | P14: 156
A15: ='1 шаблон'!A25 -> 0 | B15: ='1 шаблон'!A26 -> 0 | C15: ='1 шаблон'!B25 -> 0 | D15: ='1 шаблон'!C25 -> 0 | E15: ='2 Приложение 13'!E15 -> Сталь 20
A16: ='1 шаблон'!A27 -> 0 | B16: ='1 шаблон'!A28 -> 0 | C16: ='1 шаблон'!B27 -> 0 | D16: ='1 шаблон'!C27 -> 0 | E16: ='2 Приложение 13'!E16 -> Сталь 20 | O16: Сталь 3сп
A17: ='1 шаблон'!A29 -> 0 | B17: ='1 шаблон'!A30 -> 0 | C17: ='1 шаблон'!B29 -> 0 | D17: ='1 шаблон'!C29 -> 0 | E17: ='2 Приложение 13'!E17 -> Сталь 20Л | O17: 111 | P17: 156
A18: ='1 шаблон'!A31 -> 0 | B18: ='1 шаблон'!A32 -> 0 | C18: ='1 шаблон'!B31 -> 0 | D18: ='1 шаблон'!C31 -> 0 | E18: ='2 Приложение 13'!E18 -> Сталь 20Л
A19: ='1 шаблон'!A33 -> 0 | B19: ='1 шаблон'!A34 -> 0 | C19: ='1 шаблон'!B33 -> 0 | D19: ='1 шаблон'!C33 -> 0 | E19: ='2 Приложение 13'!E19 -> Сталь 20Л | O19: Сталь 09Г2С
A20: ='1 шаблон'!A35 -> 0 | B20: ='1 шаблон'!A36 -> 0 | C20: ='1 шаблон'!B35 -> 0 | D20: ='1 шаблон'!C35 -> 0 | E20: ='2 Приложение 13'!E20 -> Сталь 20Л | O20: 135 | P20: 152
A21: ='1 шаблон'!A37 -> 0 | B21: ='1 шаблон'!A38 -> 0 | C21: ='1 шаблон'!B37 -> 0 | D21: ='1 шаблон'!C37 -> 0 | E21: ='2 Приложение 13'!E21 -> Сталь 20Л
O22: Сталь 15
O23: 137 | P23: 148
O25: Сталь 25
O26: 162 | P26: 170
A28: Если на трубе разные стали, то для определния мин и мак сначения для каждой стали по фильтру ставим нужную сталь, и в результатах смотрим миним и макс значение | O28: Сталь 30ХМ
O29: 200 | P29: 250
A30: Трубопровод | L30: Результат
A31: № секции | B31: наим секции | C31: Пикет | D31: Диаметр, мм | E31: Марка стали | F31: Результаты измерений: НВ | L31: Мин | M31: =SUBTOTAL(5,F34:K245) -> 137
D32: мм | E32: стали | F32: т.1 | G32: т.2 | H32: т.3 | I32: т.4 | J32: т.5 | K32: т.6 | L32: Макс | M32: =SUBTOTAL(4,F34:K245) -> 150
A33: 1 | B33: 1 | C33: 2 | D33: 3 | E33: 4 | F33: 5 | G33: 6 | H33: 7 | I33: 8 | J33: 9 | K33: 10 | L33: Минимальная на секции
A34: ='1 шаблон'!A53 -> Секция 10 | B34: ='1 шаблон'!A54 -> Шурф № 1 | C34: ='1 шаблон'!B53 -> 00+10 | D34: ='1 шаблон'!C53 -> 89 | E34: ='2 Приложение 13'!E34 -> Сталь 20 | F34: 148 | G34: 143 | H34: 147 | I34: 147 | J34: 137 | K34: 137 | L34: =MIN(F34:K34) -> 137
A35: ='1 шаблон'!A56 -> Секция 20 | B35: ='1 шаблон'!A57 -> труба | C35: ='1 шаблон'!B56 -> 00+20 | D35: ='1 шаблон'!C56 -> 89 | E35: ='2 Приложение 13'!E35 -> Сталь 20 | F35: 148 | G35: 147 | H35: 150 | I35: 146 | J35: 145 | K35: 150 | L35: =MIN(F35:K35) -> 145
A36: ='1 шаблон'!A59 -> 0 | B36: ='1 шаблон'!A60 -> 0 | C36: ='1 шаблон'!B59 -> 0 | D36: ='1 шаблон'!C59 -> 0 | E36: ='2 Приложение 13'!E36 -> Сталь 20 | L36: =MIN(F36:K36) -> 0
A37: ='1 шаблон'!A62 -> 0 | B37: ='1 шаблон'!A63 -> 0 | C37: ='1 шаблон'!B62 -> 0 | D37: ='1 шаблон'!C62 -> 0 | E37: ='2 Приложение 13'!E37 -> Сталь 20 | L37: =MIN(F37:K37) -> 0
A38: ='1 шаблон'!A65 -> 0 | B38: ='1 шаблон'!A66 -> 0 | C38: ='1 шаблон'!B65 -> 0 | D38: ='1 шаблон'!C65 -> 0 | E38: ='2 Приложение 13'!E38 -> Сталь 20 | L38: =MIN(F38:K38) -> 0
A39: ='1 шаблон'!A68 -> 0 | B39: ='1 шаблон'!A69 -> 0 | C39: ='1 шаблон'!B68 -> 0 | D39: ='1 шаблон'!C68 -> 0 | E39: ='2 Приложение 13'!E39 -> Сталь 20 | L39: =MIN(F39:K39) -> 0
A40: ='1 шаблон'!A71 -> 0 | B40: ='1 шаблон'!A72 -> 0 | C40: ='1 шаблон'!B71 -> 0 | D40: ='1 шаблон'!C71 -> 0 | E40: ='2 Приложение 13'!E40 -> Сталь 20 | L40: =MIN(F40:K40) -> 0
A41: ='1 шаблон'!A74 -> 0 | B41: ='1 шаблон'!A75 -> 0 | C41: ='1 шаблон'!B74 -> 0 | D41: ='1 шаблон'!C74 -> 0 | E41: ='2 Приложение 13'!E41 -> Сталь 20 | L41: =MIN(F41:K41) -> 0
A42: ='1 шаблон'!A77 -> 0 | B42: ='1 шаблон'!A78 -> 0 | C42: ='1 шаблон'!B77 -> 0 | D42: ='1 шаблон'!C77 -> 0 | E42: ='2 Приложение 13'!E42 -> Сталь 20 | L42: =MIN(F42:K42) -> 0
A43: ='1 шаблон'!A80 -> 0 | B43: ='1 шаблон'!A81 -> 0 | C43: ='1 шаблон'!B80 -> 0 | D43: ='1 шаблон'!C80 -> 0 | E43: ='2 Приложение 13'!E43 -> Сталь 20 | L43: =MIN(F43:K43) -> 0
A44: ='1 шаблон'!A83 -> 0 | B44: ='1 шаблон'!A84 -> 0 | C44: ='1 шаблон'!B83 -> 0 | D44: ='1 шаблон'!C83 -> 0 | E44: ='2 Приложение 13'!E44 -> Сталь 20 | L44: =MIN(F44:K44) -> 0
A45: ='1 шаблон'!A86 -> 0 | B45: ='1 шаблон'!A87 -> 0 | C45: ='1 шаблон'!B86 -> 0 | D45: ='1 шаблон'!C86 -> 0 | E45: ='2 Приложение 13'!E45 -> Сталь 20 | L45: =MIN(F45:K45) -> 0
A46: ='1 шаблон'!A89 -> 0 | B46: ='1 шаблон'!A90 -> 0 | C46: ='1 шаблон'!B89 -> 0 | D46: ='1 шаблон'!C89 -> 0 | E46: ='2 Приложение 13'!E46 -> Сталь 20 | L46: =MIN(F46:K46) -> 0
A47: ='1 шаблон'!A92 -> 0 | B47: ='1 шаблон'!A93 -> 0 | C47: ='1 шаблон'!B92 -> 0 | D47: ='1 шаблон'!C92 -> 0 | E47: ='2 Приложение 13'!E47 -> Сталь 20 | L47: =MIN(F47:K47) -> 0
A48: ='1 шаблон'!A95 -> 0 | B48: ='1 шаблон'!A96 -> 0 | C48: ='1 шаблон'!B95 -> 0 | D48: ='1 шаблон'!C95 -> 0 | E48: ='2 Приложение 13'!E48 -> Сталь 20 | L48: =MIN(F48:K48) -> 0
A49: ='1 шаблон'!A98 -> 0 | B49: ='1 шаблон'!A99 -> 0 | C49: ='1 шаблон'!B98 -> 0 | D49: ='1 шаблон'!C98 -> 0 | E49: ='2 Приложение 13'!E49 -> Сталь 20 | L49: =MIN(F49:K49) -> 0
A50: ='1 шаблон'!A101 -> 0 | B50: ='1 шаблон'!A102 -> 0 | C50: ='1 шаблон'!B101 -> 0 | D50: ='1 шаблон'!C101 -> 0 | E50: ='2 Приложение 13'!E50 -> Сталь 20 | L50: =MIN(F50:K50) -> 0
A51: ='1 шаблон'!A104 -> 0 | B51: ='1 шаблон'!A105 -> 0 | C51: ='1 шаблон'!B104 -> 0 | D51: ='1 шаблон'!C104 -> 0 | E51: ='2 Приложение 13'!E51 -> Сталь 20 | L51: =MIN(F51:K51) -> 0
A52: ='1 шаблон'!A107 -> 0 | B52: ='1 шаблон'!A108 -> 0 | C52: ='1 шаблон'!B107 -> 0 | D52: ='1 шаблон'!C107 -> 0 | E52: ='2 Приложение 13'!E52 -> Сталь 20 | L52: =MIN(F52:K52) -> 0
A53: ='1 шаблон'!A110 -> 0 | B53: ='1 шаблон'!A111 -> 0 | C53: ='1 шаблон'!B110 -> 0 | D53: ='1 шаблон'!C110 -> 0 | E53: ='2 Приложение 13'!E53 -> Сталь 20 | L53: =MIN(F53:K53) -> 0
A54: ='1 шаблон'!A113 -> 0 | B54: ='1 шаблон'!A114 -> 0 | C54: ='1 шаблон'!B113 -> 0 | D54: ='1 шаблон'!C113 -> 0 | E54: ='2 Приложение 13'!E54 -> Сталь 20 | L54: =MIN(F54:K54) -> 0
A55: ='1 шаблон'!A116 -> 0 | B55: ='1 шаблон'!A117 -> 0 | C55: ='1 шаблон'!B116 -> 0 | D55: ='1 шаблон'!C116 -> 0 | E55: ='2 Приложение 13'!E55 -> Сталь 20 | L55: =MIN(F55:K55) -> 0
A56: ='1 шаблон'!A119 -> 0 | B56: ='1 шаблон'!A120 -> 0 | C56: ='1 шаблон'!B119 -> 0 | D56: ='1 шаблон'!C119 -> 0 | E56: ='2 Приложение 13'!E56 -> Сталь 20 | L56: =MIN(F56:K56) -> 0
A57: ='1 шаблон'!A122 -> 0 | B57: ='1 шаблон'!A123 -> 0 | C57: ='1 шаблон'!B122 -> 0 | D57: ='1 шаблон'!C122 -> 0 | E57: ='2 Приложение 13'!E57 -> Сталь 20 | L57: =MIN(F57:K57) -> 0
A58: ='1 шаблон'!A125 -> 0 | B58: ='1 шаблон'!A126 -> 0 | C58: ='1 шаблон'!B125 -> 0 | D58: ='1 шаблон'!C125 -> 0 | E58: ='2 Приложение 13'!E58 -> Сталь 20 | L58: =MIN(F58:K58) -> 0
A59: ='1 шаблон'!A128 -> 0 | B59: ='1 шаблон'!A129 -> 0 | C59: ='1 шаблон'!B128 -> 0 | D59: ='1 шаблон'!C128 -> 0 | E59: ='2 Приложение 13'!E59 -> Сталь 20 | L59: =MIN(F59:K59) -> 0
A60: ='1 шаблон'!A131 -> 0 | B60: ='1 шаблон'!A132 -> 0 | C60: ='1 шаблон'!B131 -> 0 | D60: ='1 шаблон'!C131 -> 0 | E60: ='2 Приложение 13'!E60 -> Сталь 20 | L60: =MIN(F60:K60) -> 0
A61: ='1 шаблон'!A134 -> 0 | B61: ='1 шаблон'!A135 -> 0 | C61: ='1 шаблон'!B134 -> 0 | D61: ='1 шаблон'!C134 -> 0 | E61: ='2 Приложение 13'!E61 -> Сталь 20 | L61: =MIN(F61:K61) -> 0
A62: ='1 шаблон'!A137 -> 0 | B62: ='1 шаблон'!A138 -> 0 | C62: ='1 шаблон'!B137 -> 0 | D62: ='1 шаблон'!C137 -> 0 | E62: ='2 Приложение 13'!E62 -> Сталь 20 | L62: =MIN(F62:K62) -> 0
A63: ='1 шаблон'!A140 -> 0 | B63: ='1 шаблон'!A141 -> 0 | C63: ='1 шаблон'!B140 -> 0 | D63: ='1 шаблон'!C140 -> 0 | E63: ='2 Приложение 13'!E63 -> Сталь 20 | L63: =MIN(F63:K63) -> 0
A64: ='1 шаблон'!A143 -> 0 | B64: ='1 шаблон'!A144 -> 0 | C64: ='1 шаблон'!B143 -> 0 | D64: ='1 шаблон'!C143 -> 0 | E64: ='2 Приложение 13'!E64 -> Сталь 20 | L64: =MIN(F64:K64) -> 0
A65: ='1 шаблон'!A146 -> 0 | B65: ='1 шаблон'!A147 -> 0 | C65: ='1 шаблон'!B146 -> 0 | D65: ='1 шаблон'!C146 -> 0 | E65: ='2 Приложение 13'!E65 -> Сталь 20 | L65: =MIN(F65:K65) -> 0
A66: ='1 шаблон'!A149 -> 0 | B66: ='1 шаблон'!A150 -> 0 | C66: ='1 шаблон'!B149 -> 0 | D66: ='1 шаблон'!C149 -> 0 | E66: ='2 Приложение 13'!E66 -> Сталь 20 | L66: =MIN(F66:K66) -> 0
A67: ='1 шаблон'!A152 -> 0 | B67: ='1 шаблон'!A153 -> 0 | C67: ='1 шаблон'!B152 -> 0 | D67: ='1 шаблон'!C152 -> 0 | E67: ='2 Приложение 13'!E67 -> Сталь 20 | L67: =MIN(F67:K67) -> 0
A68: ='1 шаблон'!A155 -> 0 | B68: ='1 шаблон'!A156 -> 0 | C68: ='1 шаблон'!B155 -> 0 | D68: ='1 шаблон'!C155 -> 0 | E68: ='2 Приложение 13'!E68 -> Сталь 20 | L68: =MIN(F68:K68) -> 0
A69: ='1 шаблон'!A158 -> 0 | B69: ='1 шаблон'!A159 -> 0 | C69: ='1 шаблон'!B158 -> 0 | D69: ='1 шаблон'!C158 -> 0 | E69: ='2 Приложение 13'!E69 -> Сталь 20 | L69: =MIN(F69:K69) -> 0
A70: ='1 шаблон'!A161 -> 0 | B70: ='1 шаблон'!A162 -> 0 | C70: ='1 шаблон'!B161 -> 0 | D70: ='1 шаблон'!C161 -> 0 | E70: ='2 Приложение 13'!E70 -> Сталь 10 | L70: =MIN(F70:K70) -> 0
A71: ='1 шаблон'!A164 -> 0 | B71: ='1 шаблон'!A165 -> 0 | C71: ='1 шаблон'!B164 -> 0 | D71: ='1 шаблон'!C164 -> 0 | E71: ='2 Приложение 13'!E71 -> Сталь 10 | L71: =MIN(F71:K71) -> 0
A72: ='1 шаблон'!A167 -> 0 | B72: ='1 шаблон'!A168 -> 0 | C72: ='1 шаблон'!B167 -> 0 | D72: ='1 шаблон'!C167 -> 0 | E72: ='2 Приложение 13'!E72 -> Сталь 10 | L72: =MIN(F72:K72) -> 0
A73: ='1 шаблон'!A170 -> 0 | B73: ='1 шаблон'!A171 -> 0 | C73: ='1 шаблон'!B170 -> 0 | D73: ='1 шаблон'!C170 -> 0 | E73: ='2 Приложение 13'!E73 -> Сталь 10 | L73: =MIN(F73:K73) -> 0
A74: ='1 шаблон'!A173 -> 0 | B74: ='1 шаблон'!A174 -> 0 | C74: ='1 шаблон'!B173 -> 0 | D74: ='1 шаблон'!C173 -> 0 | E74: ='2 Приложение 13'!E74 -> Сталь 10 | L74: =MIN(F74:K74) -> 0
A75: ='1 шаблон'!A176 -> 0 | B75: ='1 шаблон'!A177 -> 0 | C75: ='1 шаблон'!B176 -> 0 | D75: ='1 шаблон'!C176 -> 0 | E75: ='2 Приложение 13'!E75 -> Сталь 10 | L75: =MIN(F75:K75) -> 0
A76: ='1 шаблон'!A179 -> 0 | B76: ='1 шаблон'!A180 -> 0 | C76: ='1 шаблон'!B179 -> 0 | D76: ='1 шаблон'!C179 -> 0 | E76: ='2 Приложение 13'!E76 -> Сталь 10 | L76: =MIN(F76:K76) -> 0
A77: ='1 шаблон'!A182 -> 0 | B77: ='1 шаблон'!A183 -> 0 | C77: ='1 шаблон'!B182 -> 0 | D77: ='1 шаблон'!C182 -> 0 | E77: ='2 Приложение 13'!E77 -> Сталь 10 | L77: =MIN(F77:K77) -> 0
A78: ='1 шаблон'!A185 -> 0 | B78: ='1 шаблон'!A186 -> 0 | C78: ='1 шаблон'!B185 -> 0 | D78: ='1 шаблон'!C185 -> 0 | E78: ='2 Приложение 13'!E78 -> Сталь 10 | L78: =MIN(F78:K78) -> 0
A79: ='1 шаблон'!A188 -> 0 | B79: ='1 шаблон'!A189 -> 0 | C79: ='1 шаблон'!B188 -> 0 | D79: ='1 шаблон'!C188 -> 0 | E79: ='2 Приложение 13'!E79 -> Сталь 10 | L79: =MIN(F79:K79) -> 0
A80: ='1 шаблон'!A191 -> 0 | B80: ='1 шаблон'!A192 -> 0 | C80: ='1 шаблон'!B191 -> 0 | D80: ='1 шаблон'!C191 -> 0 | E80: ='2 Приложение 13'!E80 -> Сталь 20 | L80: =MIN(F80:K80) -> 0
A81: ='1 шаблон'!A194 -> 0 | B81: ='1 шаблон'!A195 -> 0 | C81: ='1 шаблон'!B194 -> 0 | D81: ='1 шаблон'!C194 -> 0 | E81: ='2 Приложение 13'!E81 -> Сталь 20 | L81: =MIN(F81:K81) -> 0
A82: ='1 шаблон'!A197 -> 0 | B82: ='1 шаблон'!A198 -> 0 | C82: ='1 шаблон'!B197 -> 0 | D82: ='1 шаблон'!C197 -> 0 | E82: ='2 Приложение 13'!E82 -> Сталь 20 | L82: =MIN(F82:K82) -> 0
A83: ='1 шаблон'!A200 -> 0 | B83: ='1 шаблон'!A201 -> 0 | C83: ='1 шаблон'!B200 -> 0 | D83: ='1 шаблон'!C200 -> 0 | E83: ='2 Приложение 13'!E83 -> Сталь 20 | L83: =MIN(F83:K83) -> 0
